firstName,lastName,email
Karol,Selwyn,kselwyn0@ustream.tv
Anthiathia,Gounod,agounod1@merriam-webster.com
Alanna,Maasze,amaasze2@rambler.ru
Brandyn,Tother,btother3@ox.ac.uk
Filmer,Petranek,fpetranek4@aboutads.info
Alvin,Hancorn,ahancorn5@ovh.net
Aundrea,Crim,acrim6@oracle.com
Demeter,McCluskey,dmccluskey7@fema.gov
Ryon,Wakeford,rwakeford8@w3.org
Desmond,Colecrough,dcolecrough9@jiathis.com
Delora,Eirwin,deirwina@independent.co.uk
Shena,Hencke,shenckeb@microsoft.com
Vassily,Stapforth,vstapforthc@booking.com
Luz,Cobbald,lcobbaldd@ow.ly
Avery,Bagehot,abagehote@plala.or.jp
Trina,Bulch,tbulchf@lulu.com
Lawton,Fake,lfakeg@google.com.au
Tani,Chessman,tchessmanh@yellowpages.com
Jervis,Caslin,jcaslini@gnu.org
Pearline,Aberdalgy,paberdalgyj@umich.edu
Renard,Allonby,rallonbyk@wufoo.com
Herschel,Handford,hhandfordl@google.com.hk
Ludwig,Geroldini,lgeroldinim@rambler.ru
Cad,Murrells,cmurrellsn@census.gov
Even,Hundall,ehundallo@sciencedirect.com
Orelle,Leverich,oleverichp@theatlantic.com
Clayborn,Strutley,cstrutleyq@histats.com
Shellysheldon,Pignon,spignonr@gravatar.com
Brina,Petrecz,bpetreczs@jigsy.com
Grete,Cardew,gcardewt@deliciousdays.com
Antoni,Fine,afineu@cafepress.com
De,Teasdale-Markie,dteasdalemarkiev@networkadvertising.org
Shelley,Ancketill,sancketillw@unicef.org
Mohandas,Norton,mnortonx@parallels.com
Georgie,Doles,gdolesy@privacy.gov.au
Ewell,Shiril,eshirilz@state.gov
Maxie,Reina,mreina10@army.mil
Mable,Matevushev,mmatevushev11@is.gd
Binny,Klimkiewich,bklimkiewich12@hhs.gov
Juieta,Valentino,jvalentino13@hostgator.com
Yul,O' Brian,yobrian14@sciencedirect.com
Maddalena,Dine-Hart,mdinehart15@etsy.com
Julina,Herrema,jherrema16@cnet.com
Danyelle,Pozzo,dpozzo17@so-net.ne.jp
Udall,Yorston,uyorston18@independent.co.uk
Denney,Meryett,dmeryett19@uol.com.br
Selena,Crewdson,screwdson1a@dion.ne.jp
Dexter,Buggs,dbuggs1b@symantec.com
Payton,Girodier,pgirodier1c@opensource.org
Myrtle,Kenningham,mkenningham1d@indiatimes.com
Anderea,McHaffy,amchaffy1e@aboutads.info
Ashli,De Giovanni,adegiovanni1f@cbc.ca
Conrade,Witul,cwitul1g@pcworld.com
Jenine,Boddington,jboddington1h@noaa.gov
Sutherland,Priel,spriel1i@histats.com
Felix,Hallatt,fhallatt1j@google.com
Sherlocke,Keddey,skeddey1k@unblog.fr
Kit,Cutler,kcutler1l@live.com
Wernher,Umpleby,wumpleby1m@timesonline.co.uk
Bab,Bastable,bbastable1n@yolasite.com
Janenna,Giovanni,jgiovanni1o@hexun.com
Fern,Dunseath,fdunseath1p@booking.com
Terrie,Dombrell,tdombrell1q@sfgate.com
Rochester,Joutapaitis,rjoutapaitis1r@hhs.gov
Waylon,Schiefersten,wschiefersten1s@army.mil
Concordia,Swallow,cswallow1t@themeforest.net
Phelia,Methley,pmethley1u@goodreads.com
Desmund,Emms,demms1v@yale.edu
Dyana,Teligin,dteligin1w@mozilla.com
Bren,Panchen,bpanchen1x@jigsy.com
Corilla,Sargood,csargood1y@howstuffworks.com
Emmott,Bowdler,ebowdler1z@bandcamp.com
Sadella,Pachta,spachta20@jiathis.com
Jeromy,Crippill,jcrippill21@liveinternet.ru
Vinny,Crummy,vcrummy22@smugmug.com
Reena,Longhorn,rlonghorn23@europa.eu
Justino,Peer,jpeer24@chronoengine.com
Kissie,Abbati,kabbati25@ft.com
Madison,Beloe,mbeloe26@forbes.com
Jonie,Sieghart,jsieghart27@so-net.ne.jp
Fae,Lansdowne,flansdowne28@toplist.cz
Ulrike,Simecek,usimecek29@mozilla.org
Cody,Roiz,croiz2a@domainmarket.com
Cristine,Foat,cfoat2b@wikia.com
Nichols,Blevin,nblevin2c@theglobeandmail.com
Tallulah,Hannah,thannah2d@hc360.com
Shanda,Extance,sextance2e@ezinearticles.com
Tally,Sustins,tsustins2f@discovery.com
Karlens,Kirkam,kkirkam2g@tmall.com
Dareen,Punch,dpunch2h@scribd.com
Valentin,Conlaund,vconlaund2i@archive.org
Sashenka,Shottin,sshottin2j@ftc.gov
Dodi,Beynkn,dbeynkn2k@webmd.com
Eldin,Waistall,ewaistall2l@soundcloud.com
Dyan,Bedbrough,dbedbrough2m@over-blog.com
Etan,Tayler,etayler2n@cpanel.net
Reiko,Southcomb,rsouthcomb2o@spiegel.de
Terrye,McCorkell,tmccorkell2p@phoca.cz
Dulci,Harradence,dharradence2q@boston.com
Martguerita,Bennough,mbennough2r@youtube.com
Joseph,Petriello,jpetriello2s@qq.com
Tuckie,Koop,tkoop2t@answers.com
Denney,Benka,dbenka2u@usa.gov
Roch,Gummoe,rgummoe2v@prlog.org
Tannie,Tappin,ttappin2w@vinaora.com
Hamlen,Merryweather,hmerryweather2x@deliciousdays.com
Reider,Pabst,rpabst2y@latimes.com
Fabiano,Lea,flea2z@nps.gov
Davon,Nolda,dnolda30@devhub.com
Swen,Todarini,stodarini31@oakley.com
Pinchas,Kingsnode,pkingsnode32@google.com.au
Emmanuel,Schwandermann,eschwandermann33@sphinn.com
Clementia,Klimkov,cklimkov34@flickr.com
Jermaine,Ricarde,jricarde35@typepad.com
Ernestine,Bachelor,ebachelor36@google.com.hk
Brittney,Cartan,bcartan37@ycombinator.com
Arabele,Arrighi,aarrighi38@fema.gov
Timothea,Potts,tpotts39@aboutads.info
Cross,Robiou,crobiou3a@blogspot.com
Zsa zsa,Gossage,zgossage3b@google.de
Libbie,Dumingo,ldumingo3c@booking.com
Brnaba,Bockman,bbockman3d@privacy.gov.au
Fanny,Hatherleigh,fhatherleigh3e@hao123.com
Averill,Palleske,apalleske3f@fema.gov
Andres,Diess,adiess3g@spiegel.de
Sherline,Yewman,syewman3h@tinypic.com
Heda,Eyes,heyes3i@issuu.com
Corrie,Cuckoo,ccuckoo3j@taobao.com
Claudell,Pamment,cpamment3k@ameblo.jp
Darcy,Barthelme,dbarthelme3l@rakuten.co.jp
Marcella,Skocroft,mskocroft3m@about.com
Ethyl,Jouannin,ejouannin3n@archive.org
Hughie,Belchamber,hbelchamber3o@spiegel.de
Harman,Thon,hthon3p@xrea.com
Genovera,Hellings,ghellings3q@bigcartel.com
Fianna,Besnardeau,fbesnardeau3r@ebay.com
Marcella,Yann,myann3s@ed.gov
Hanna,Bunstone,hbunstone3t@npr.org
Emmery,Cattermole,ecattermole3u@reference.com
Brooke,Galbreth,bgalbreth3v@columbia.edu
Agnola,Stegel,astegel3w@spotify.com
Claudina,Sotham,csotham3x@amazonaws.com
Michelle,Faltin,mfaltin3y@storify.com
Trina,Kingerby,tkingerby3z@taobao.com
Piotr,Kingswell,pkingswell40@blogs.com
Rodney,Livesley,rlivesley41@51.la
Ramonda,Sawbridge,rsawbridge42@chronoengine.com
Osmond,Scanlin,oscanlin43@biglobe.ne.jp
Lora,Darell,ldarell44@e-recht24.de
Jaquenette,Zorzoni,jzorzoni45@about.me
Leoline,Hryncewicz,lhryncewicz46@theglobeandmail.com
Vaclav,Desquesnes,vdesquesnes47@si.edu
Konstanze,Rendbaek,krendbaek48@youku.com
Bevan,Shemwell,bshemwell49@dedecms.com
Ruprecht,Stirzaker,rstirzaker4a@wunderground.com
Mickie,Allman,mallman4b@msu.edu
Vernor,Jadczak,vjadczak4c@digg.com
Coralie,Gass,cgass4d@arstechnica.com
Kalinda,MacGillespie,kmacgillespie4e@imageshack.us
Murray,Bentick,mbentick4f@nationalgeographic.com
Tanny,Clotworthy,tclotworthy4g@ted.com
Xavier,Wethers,xwethers4h@ustream.tv
Charisse,Antalffy,cantalffy4i@reddit.com
Trace,Cregeen,tcregeen4j@google.it
Jinny,Edinburgh,jedinburgh4k@dell.com
Iorgo,Borer,iborer4l@phpbb.com
Jeremie,Phipson,jphipson4m@marketwatch.com
Case,Essberger,cessberger4n@yandex.ru
Alissa,Serchwell,aserchwell4o@artisteer.com
Jeremiah,Mattersey,jmattersey4p@w3.org
Andreana,O' Hern,aohern4q@naver.com
Claresta,Djakovic,cdjakovic4r@topsy.com
Flynn,McPolin,fmcpolin4s@simplemachines.org
Jo-anne,Negri,jnegri4t@hibu.com
Neysa,Manuelli,nmanuelli4u@friendfeed.com
Stefania,Vanyushkin,svanyushkin4v@google.pl
Rubie,Spoerl,rspoerl4w@statcounter.com
Rodrigo,Burnep,rburnep4x@microsoft.com
Sauveur,Guys,sguys4y@cdc.gov
Bryan,Pietron,bpietron4z@last.fm
Simeon,Truesdale,struesdale50@archive.org
Parke,Hune,phune51@mit.edu
Tracee,Sclater,tsclater52@ehow.com
Nanni,Pashba,npashba53@google.co.jp
Bertram,Szach,bszach54@huffingtonpost.com
Shaine,Tye,stye55@ucoz.ru
Darrell,Chanter,dchanter56@oracle.com
Northrup,Bougen,nbougen57@shinystat.com
Siouxie,Steckings,ssteckings58@psu.edu
Milton,Lamartine,mlamartine59@illinois.edu
Keriann,Roze,kroze5a@biglobe.ne.jp
Shelly,McGruar,smcgruar5b@com.com
Orella,Mordaunt,omordaunt5c@pbs.org
Chrystal,Schruur,cschruur5d@uol.com.br
Coriss,Kingscott,ckingscott5e@gmpg.org
Hugo,Lawry,hlawry5f@unicef.org
Matthiew,Peckham,mpeckham5g@un.org
Hortense,Blinman,hblinman5h@berkeley.edu
Sibylle,Ong,song5i@gov.uk
Perri,Heenan,pheenan5j@china.com.cn
Xavier,Pawlik,xpawlik5k@360.cn
Delmore,Dunning,ddunning5l@mapquest.com
Guthrey,Kenderdine,gkenderdine5m@dell.com
Townsend,Oven,toven5n@prweb.com
Frayda,Merigot,fmerigot5o@adobe.com
Malia,De Vaar,mdevaar5p@imgur.com
Ricky,Sommerland,rsommerland5q@skyrock.com
Geralda,Undy,gundy5r@eventbrite.com
Helsa,Bernardotte,hbernardotte5s@wp.com
Valaria,Welsh,vwelsh5t@issuu.com
Zorine,Conibear,zconibear5u@blinklist.com
Pauly,O'Corrigane,pocorrigane5v@is.gd
Mathilde,Hallwell,mhallwell5w@hp.com
Farlee,Sotham,fsotham5x@sciencedaily.com
Eugene,Penhalurick,epenhalurick5y@angelfire.com
Franz,Martinez,fmartinez5z@topsy.com
Sandy,Niles,sniles60@bigcartel.com
Dominik,Ciccotti,dciccotti61@163.com
Krissie,Zecchetti,kzecchetti62@jigsy.com
Addie,Gyles,agyles63@npr.org
Ewen,Fibbings,efibbings64@mlb.com
Dyann,McClaren,dmcclaren65@imageshack.us
Arnoldo,Sidwick,asidwick66@multiply.com
Vickie,Cayley,vcayley67@phpbb.com
Boone,Kirsopp,bkirsopp68@purevolume.com
Kerry,Pirouet,kpirouet69@accuweather.com
Pebrook,Bassham,pbassham6a@squarespace.com
Forrester,Boggas,fboggas6b@google.com.hk
Brunhilde,Aleksashin,baleksashin6c@biblegateway.com
Ulrick,De Mitri,udemitri6d@arizona.edu
Zena,Kermath,zkermath6e@ustream.tv
Irving,Spenton,ispenton6f@bravesites.com
Nancie,Killingback,nkillingback6g@cnet.com
Gerrie,Hassin,ghassin6h@ca.gov
Ketti,Farnfield,kfarnfield6i@businessinsider.com
Lynnet,Goretti,lgoretti6j@spiegel.de
Cissy,Vaggers,cvaggers6k@theguardian.com
Sabina,Bertolin,sbertolin6l@rakuten.co.jp
Farly,Trouel,ftrouel6m@businessinsider.com
Gaspar,Baggiani,gbaggiani6n@dagondesign.com
Felipa,Deluze,fdeluze6o@prnewswire.com
Hayyim,Cavill,hcavill6p@sina.com.cn
Kirsteni,Brangan,kbrangan6q@cargocollective.com
Killy,Clemas,kclemas6r@goo.gl
Quentin,Easton,qeaston6s@marketwatch.com
Casandra,Thrush,cthrush6t@mayoclinic.com
Ramon,Holston,rholston6u@alibaba.com
Vincenz,Townsley,vtownsley6v@uol.com.br
Brad,Stoppard,bstoppard6w@sina.com.cn
Rochelle,Maynell,rmaynell6x@ifeng.com
Sibel,Aron,saron6y@creativecommons.org
Karlan,Mannagh,kmannagh6z@indiegogo.com
Keven,Aldersea,kaldersea70@themeforest.net
Merrill,Shalders,mshalders71@bbc.co.uk
Scotty,Palser,spalser72@un.org
Zandra,Kleinstub,zkleinstub73@columbia.edu
Randi,Jelliman,rjelliman74@ameblo.jp
Marleah,Burtenshaw,mburtenshaw75@google.de
Jandy,Branchet,jbranchet76@ted.com
Maddy,Warlowe,mwarlowe77@flavors.me
Pavla,Duckham,pduckham78@seattletimes.com
Mordecai,Sands-Allan,msandsallan79@hhs.gov
Augusta,Philpott,aphilpott7a@harvard.edu
Brigit,Petrozzi,bpetrozzi7b@nih.gov
Friederike,Evershed,fevershed7c@msn.com
Anjela,Terbeck,aterbeck7d@nps.gov
Rae,Stoffer,rstoffer7e@addthis.com
Avril,Benedyktowicz,abenedyktowicz7f@mac.com
Wes,Gregersen,wgregersen7g@smh.com.au
Calli,Skough,cskough7h@biglobe.ne.jp
Mauricio,Winear,mwinear7i@nsw.gov.au
Cassaundra,Incogna,cincogna7j@patch.com
Shepperd,Thorogood,sthorogood7k@bing.com
Annabela,Veryan,averyan7l@chicagotribune.com
Chickie,Schnieder,cschnieder7m@arstechnica.com
Viviene,Aikenhead,vaikenhead7n@si.edu
Emelda,Hruska,ehruska7o@shareasale.com
Genni,Soldan,gsoldan7p@google.com.hk
Dorie,McGuff,dmcguff7q@google.cn
Charleen,Myford,cmyford7r@webeden.co.uk
Justis,Varty,jvarty7s@icq.com
Tommi,Gawkes,tgawkes7t@barnesandnoble.com
Adorne,Probey,aprobey7u@redcross.org
Agatha,Kubek,akubek7v@irs.gov
Vernice,Cane,vcane7w@opera.com
Wesley,Buss,wbuss7x@angelfire.com
Kamillah,Shiel,kshiel7y@liveinternet.ru
Ede,Allport,eallport7z@fotki.com
Vina,Hasson,vhasson80@1und1.de
Anett,Rime,arime81@angelfire.com
Wally,Le Friec,wlefriec82@jimdo.com
Anabella,Moger,amoger83@cbsnews.com
Emyle,Vanes,evanes84@constantcontact.com
Sorcha,Killeley,skilleley85@sakura.ne.jp
Jarret,Gisby,jgisby86@sourceforge.net
Jonie,Rait,jrait87@smh.com.au
Raffaello,Klaus,rklaus88@ifeng.com
Ambros,Skerritt,askerritt89@wp.com
Andrus,Fears,afears8a@oaic.gov.au
Dacie,Fayerman,dfayerman8b@taobao.com
Ody,Handes,ohandes8c@linkedin.com
Kikelia,Tuckley,ktuckley8d@mapquest.com
Naoma,Daniaud,ndaniaud8e@t-online.de
Arlee,Galliford,agalliford8f@reuters.com
Sayer,Keeley,skeeley8g@imdb.com
Laura,Yuille,lyuille8h@qq.com
Clovis,Fitch,cfitch8i@technorati.com
Jayme,Nicholls,jnicholls8j@booking.com
Jorrie,Plewright,jplewright8k@theguardian.com
Cathie,Kerne,ckerne8l@mtv.com
Derek,Mullane,dmullane8m@simplemachines.org
Joelle,Rabjohns,jrabjohns8n@wired.com
Claresta,Bellie,cbellie8o@bing.com
Tommy,Bibey,tbibey8p@dropbox.com
Ira,Gilfether,igilfether8q@reuters.com
Thomasa,Bartos,tbartos8r@redcross.org
Brittne,Bootherstone,bbootherstone8s@4shared.com
Jasmina,Connelly,jconnelly8t@bandcamp.com
Leilah,Heugel,lheugel8u@topsy.com
Lutero,Jolland,ljolland8v@yahoo.com
Sherwood,Harmar,sharmar8w@blinklist.com
Willi,de Leon,wdeleon8x@trellian.com
Madelene,Rudall,mrudall8y@illinois.edu
Dulcie,Tubridy,dtubridy8z@xing.com
Genni,Scotchbrook,gscotchbrook90@cyberchimps.com
Christoffer,Purkess,cpurkess91@miitbeian.gov.cn
Leonidas,Matteuzzi,lmatteuzzi92@bloomberg.com
Jorrie,Beckingham,jbeckingham93@tiny.cc
Erin,Wathey,ewathey94@mashable.com
Shoshanna,Godrich,sgodrich95@census.gov
Jolene,Fillan,jfillan96@nationalgeographic.com
Ara,Pala,apala97@google.com.au
Jessie,Entwisle,jentwisle98@sbwire.com
Bronson,Sayers,bsayers99@vkontakte.ru
Avigdor,Downey,adowney9a@mapy.cz
Damian,Slack,dslack9b@t.co
Pablo,Wasselin,pwasselin9c@miitbeian.gov.cn
Erminia,Officer,eofficer9d@technorati.com
Abeu,Dalgety,adalgety9e@creativecommons.org
Verena,Sea,vsea9f@admin.ch
Janet,Beardwood,jbeardwood9g@chron.com
Shel,Upson,supson9h@cam.ac.uk
Petronia,Brighty,pbrighty9i@mayoclinic.com
Hirsch,Curds,hcurds9j@bluehost.com
Renelle,Foulks,rfoulks9k@altervista.org
Cecil,Leary,cleary9l@tmall.com
Syd,Fillis,sfillis9m@webs.com
Matthus,Adolfson,madolfson9n@geocities.com
Rolph,Children,rchildren9o@creativecommons.org
Katleen,Jiricka,kjiricka9p@cnn.com
Meier,Wilkinson,mwilkinson9q@bizjournals.com
Arluene,McCambrois,amccambrois9r@naver.com
Juditha,Pele,jpele9s@spotify.com
Donetta,Ledwith,dledwith9t@usnews.com
Rance,Wisam,rwisam9u@oaic.gov.au
Dacie,Jimeno,djimeno9v@cloudflare.com
Thom,Winyard,twinyard9w@plala.or.jp
Allis,Kaubisch,akaubisch9x@wikispaces.com
Carlie,Burrill,cburrill9y@slashdot.org
Walsh,Stranieri,wstranieri9z@behance.net
Juan,McAvin,jmcavina0@sogou.com
Joanie,Spollen,jspollena1@blogs.com
Quintin,Van de Velde,qvandeveldea2@xing.com
Delcine,Beckhurst,dbeckhursta3@reference.com
Marabel,Hillitt,mhillitta4@eepurl.com
Von,Abels,vabelsa5@reverbnation.com
Cosetta,Carwithim,ccarwithima6@dailymotion.com
Kimberley,Hartmann,khartmanna7@hhs.gov
Kirsteni,Yurchenko,kyurchenkoa8@google.it
Ariel,Greatreax,agreatreaxa9@xinhuanet.com
Lyssa,Philpott,lphilpottaa@msu.edu
Roda,Pattillo,rpattilloab@google.pl
Roderic,Rainbird,rrainbirdac@nifty.com
Karel,Hale,khalead@fotki.com
Adelbert,Dumberrill,adumberrillae@barnesandnoble.com
Elise,Speake,espeakeaf@intel.com
Bartholomeus,Pardoe,bpardoeag@free.fr
Vally,Sackes,vsackesah@nba.com
Keeley,O'Monahan,komonahanai@disqus.com
Harland,Rudkin,hrudkinaj@howstuffworks.com
Jack,Stein,jsteinak@omniture.com
Ellary,Banasiak,ebanasiakal@deviantart.com
Baudoin,Muffin,bmuffinam@4shared.com
Noble,Ellard,nellardan@w3.org
Meg,Flowerdew,mflowerdewao@blog.com
Eve,Brough,ebroughap@cdbaby.com
Jone,Pydcock,jpydcockaq@sitemeter.com
Horatius,Rickeard,hrickeardar@imageshack.us
Cathleen,O'Scully,coscullyas@sun.com
Ketti,McGuane,kmcguaneat@jugem.jp
Bertrand,Satteford,bsattefordau@mail.ru
Ennis,Bickersteth,ebickerstethav@mlb.com
Nerissa,Spurryer,nspurryeraw@pen.io
Currey,Boughey,cbougheyax@fotki.com
Emmy,Cline,eclineay@ask.com
Lawrence,Denecamp,ldenecampaz@paginegialle.it
Liam,Adderley,ladderleyb0@cocolog-nifty.com
Xena,Asey,xaseyb1@constantcontact.com
Marcela,Pampling,mpamplingb2@stumbleupon.com
Melva,Kenward,mkenwardb3@economist.com
Care,Halsey,chalseyb4@about.com
Cassi,Nathan,cnathanb5@amazon.com
Isadore,Kurth,ikurthb6@utexas.edu
Ritchie,Rhelton,rrheltonb7@quantcast.com
Nesta,Solley,nsolleyb8@soup.io
Sib,Haseman,shasemanb9@elpais.com
Filide,Harbron,fharbronba@bbb.org
Barnabas,Petschelt,bpetscheltbb@163.com
Sawyer,Keeri,skeeribc@deliciousdays.com
Alida,Ellwood,aellwoodbd@ustream.tv
Aili,Matelaitis,amatelaitisbe@ning.com
Mel,Hayles,mhaylesbf@who.int
Retha,MacPhee,rmacpheebg@dot.gov
Thane,Margach,tmargachbh@wp.com
Daniele,Jerratsch,djerratschbi@nytimes.com
Obadiah,Catlow,ocatlowbj@narod.ru
Cynthia,Cotter,ccotterbk@wix.com
Gerick,Hagland,ghaglandbl@google.ru
Tymon,Snoad,tsnoadbm@umich.edu
Patsy,Brosetti,pbrosettibn@angelfire.com
Helli,Valiant,hvaliantbo@ed.gov
Arthur,Beeken,abeekenbp@microsoft.com
Knox,Tyrer,ktyrerbq@discovery.com
Karly,Whitecross,kwhitecrossbr@aol.com
Renelle,Caswill,rcaswillbs@umn.edu
Merrile,Childs,mchildsbt@altervista.org
Reggy,Doding,rdodingbu@quantcast.com
Alameda,Fonzone,afonzonebv@walmart.com
Brion,Boughey,bbougheybw@vkontakte.ru
Whitman,Vizor,wvizorbx@msn.com
Darbee,MacKean,dmackeanby@elpais.com
Starr,Canton,scantonbz@ibm.com
Carin,Hagyard,chagyardc0@auda.org.au
Christy,Burde,cburdec1@amazon.co.uk
Arlana,Challener,achallenerc2@biglobe.ne.jp
Leta,Kapiloff,lkapiloffc3@dell.com
Alic,Gentsch,agentschc4@shutterfly.com
Corabella,Bountiff,cbountiffc5@hhs.gov
Arline,Kauscher,akauscherc6@skype.com
Freeland,Swinglehurst,fswinglehurstc7@wiley.com
Frasco,Marcus,fmarcusc8@ihg.com
Lalo,Chaff,lchaffc9@technorati.com
Loria,Sones,lsonesca@berkeley.edu
Beilul,Naseby,bnasebycb@csmonitor.com
Clio,Tackle,ctacklecc@jalbum.net
Skylar,Osbiston,sosbistoncd@rambler.ru
Arly,Paddingdon,apaddingdonce@ucsd.edu
Tracie,Pantridge,tpantridgecf@ehow.com
Humfrey,Klimschak,hklimschakcg@mac.com
Amara,Winter,awinterch@cornell.edu
Burnaby,Ramage,bramageci@cam.ac.uk
Nichols,Hudspeth,nhudspethcj@infoseek.co.jp
Jordan,Dumbarton,jdumbartonck@harvard.edu
Karoly,Myles,kmylescl@fotki.com
Brittni,Kilgallen,bkilgallencm@liveinternet.ru
Agnesse,Alen,aalencn@storify.com
Milo,Henrionot,mhenrionotco@walmart.com
Ruthanne,Malam,rmalamcp@china.com.cn
Jacobo,Warsap,jwarsapcq@tripadvisor.com
Griz,Winstanley,gwinstanleycr@github.com
Elden,Devonald,edevonaldcs@army.mil
Rozalie,Lannen,rlannenct@dot.gov
Bellanca,Schurig,bschurigcu@sohu.com
Cordie,Poker,cpokercv@ox.ac.uk
Ursala,Burry,uburrycw@army.mil
Cassandry,Skillington,cskillingtoncx@mtv.com
Ruddy,Loughlin,rloughlincy@amazonaws.com
Kath,Purchase,kpurchasecz@cisco.com
Ursa,Butting,ubuttingd0@unblog.fr
Fran,Headan,fheadand1@hubpages.com
Philip,Griffitt,pgriffittd2@msu.edu
Janina,Slainey,jslaineyd3@photobucket.com
Yolanda,Van Leijs,yvanleijsd4@google.de
Cosette,Simioli,csimiolid5@webeden.co.uk
Jake,Burdett,jburdettd6@yellowbook.com
Kelsey,Ranyell,kranyelld7@homestead.com
Trip,de Mendoza,tdemendozad8@google.com.br
Fifi,Battie,fbattied9@sohu.com
Fernande,Kleiner,fkleinerda@springer.com
Fulvia,Lamas,flamasdb@xrea.com
Orlan,Vernazza,overnazzadc@upenn.edu
Fields,Jesper,fjesperdd@webeden.co.uk
Nat,Liddington,nliddingtonde@narod.ru
Luci,Pittaway,lpittawaydf@sakura.ne.jp
Cinnamon,Pohl,cpohldg@google.es
Kelila,Eyckel,keyckeldh@livejournal.com
Carly,Hoppner,choppnerdi@merriam-webster.com
Diane-marie,Tresvina,dtresvinadj@google.nl
Chris,Dallow,cdallowdk@sakura.ne.jp
Isac,Fenners,ifennersdl@google.it
Jan,Puckey,jpuckeydm@cdbaby.com
Fowler,Dudley,fdudleydn@homestead.com
Dacy,Artharg,darthargdo@devhub.com
Patrick,Van Weedenburg,pvanweedenburgdp@google.fr
Seana,Grayshan,sgrayshandq@stanford.edu
Jolee,Caveau,jcaveaudr@newyorker.com
Karyl,Liston,klistonds@bluehost.com
Abram,Hallewell,ahallewelldt@homestead.com
Mace,Grellis,mgrellisdu@irs.gov
Gordie,Huxley,ghuxleydv@cargocollective.com
Vassily,Bruton,vbrutondw@163.com
Araldo,Upsale,aupsaledx@msu.edu
Dennie,Daelman,ddaelmandy@mit.edu
Randee,Tremblet,rtrembletdz@cyberchimps.com
Dacia,Winkworth,dwinkworthe0@theguardian.com
Tim,Pindred,tpindrede1@de.vu
Alexine,Ojeda,aojedae2@hubpages.com
Bonnibelle,Nusche,bnuschee3@huffingtonpost.com
Adam,Hampshire,ahampshiree4@engadget.com
Sibylle,Myrie,smyriee5@gnu.org
Keely,Whipple,kwhipplee6@mashable.com
Claudia,Pendry,cpendrye7@mtv.com
Erminie,Larkby,elarkbye8@army.mil
Ford,Asbrey,fasbreye9@mit.edu
Solly,Bolzmann,sbolzmannea@cafepress.com
Mohammed,Franklen,mfrankleneb@apple.com
Gavan,Whoston,gwhostonec@yahoo.com
Wally,Slatter,wslattered@springer.com
Mirabelle,Waddoups,mwaddoupsee@cafepress.com
Leilah,Lumsdaine,llumsdaineef@wired.com
Lucias,McGregor,lmcgregoreg@ning.com
Jobey,Dawidowsky,jdawidowskyeh@de.vu
Dore,Grayshon,dgrayshonei@nifty.com
Karalee,Jinkinson,kjinkinsonej@goo.ne.jp
Stanly,Childerhouse,schilderhouseek@forbes.com
Caddric,Calcutt,ccalcuttel@phpbb.com
Marley,Bolt,mboltem@desdev.cn
Mendy,Keeffe,mkeeffeen@elegantthemes.com
Lonnie,Draye,ldrayeeo@instagram.com
Marianne,Stobbart,mstobbartep@indiatimes.com
Milo,Jorn,mjorneq@yahoo.com
Jereme,Kingaby,jkingabyer@slate.com
Donica,Coast,dcoastes@myspace.com
Elfie,Edwinson,eedwinsonet@timesonline.co.uk
Jelene,Ingle,jingleeu@wunderground.com
Boothe,Elfes,belfesev@buzzfeed.com
Dodi,Terris,dterrisew@tripadvisor.com
Giuseppe,Gimson,ggimsonex@theglobeandmail.com
Patricia,Cominotti,pcominottiey@aboutads.info
Omero,Gyorffy,ogyorffyez@plala.or.jp
Thaddus,Gozney,tgozneyf0@amazon.co.jp
Maure,Sproule,msproulef1@ed.gov
Emery,Blacksland,eblackslandf2@nih.gov
Trey,Tarn,ttarnf3@un.org
Cyndie,Dolman,cdolmanf4@fda.gov
Mariya,Noble,mnoblef5@rediff.com
Aeriel,Yashaev,ayashaevf6@squarespace.com
Electra,Geffe,egeffef7@t.co
Zacherie,Haddinton,zhaddintonf8@mozilla.org
Bernhard,Ewins,bewinsf9@timesonline.co.uk
Aloysia,Leming,alemingfa@thetimes.co.uk
Blinny,Mayworth,bmayworthfb@gizmodo.com
Addi,Farnworth,afarnworthfc@dyndns.org
Beaufort,Le Breton,blebretonfd@who.int
Hugh,O'Hanley,hohanleyfe@ox.ac.uk
Zilvia,Hammonds,zhammondsff@ask.com
Catherine,Temprell,ctemprellfg@elpais.com
Gwyneth,Ellingham,gellinghamfh@techcrunch.com
Cecily,Freyn,cfreynfi@businessweek.com
Jaquelyn,Foskett,jfoskettfj@netscape.com
Dwain,McManamon,dmcmanamonfk@tinypic.com
Gerhardt,Monks,gmonksfl@ucla.edu
Elladine,Langford,elangfordfm@dot.gov
Vida,Malam,vmalamfn@feedburner.com
Corrine,Atthowe,catthowefo@wiley.com
Obediah,Yuill,oyuillfp@tuttocitta.it
Roxana,Annandale,rannandalefq@google.fr
Aymer,Gittis,agittisfr@reuters.com
Kris,Prescote,kprescotefs@elegantthemes.com
Eudora,Shrawley,eshrawleyft@hao123.com
Mollie,Shepherdson,mshepherdsonfu@soundcloud.com
Doralynn,Loyns,dloynsfv@apple.com
Erma,Tweddell,etweddellfw@ning.com
Ellwood,Leahey,eleaheyfx@comcast.net
Mariann,Bastistini,mbastistinify@mayoclinic.com
Hastings,Pannett,hpannettfz@dropbox.com
Brucie,Pridding,bpriddingg0@so-net.ne.jp
Urson,Tomlett,utomlettg1@ucsd.edu
Dorelle,Nazer,dnazerg2@51.la
Lorenzo,Shooter,lshooterg3@icio.us
Prince,Vel,pvelg4@seesaa.net
Jere,Bohl,jbohlg5@histats.com
Jonah,Rain,jraing6@exblog.jp
Oswald,Boyack,oboyackg7@go.com
Daniel,Safell,dsafellg8@1688.com
Leeann,Smidmoor,lsmidmoorg9@edublogs.org
Teddy,August,taugustga@jalbum.net
Loutitia,Darbishire,ldarbishiregb@oracle.com
Milt,Sweetlove,msweetlovegc@fc2.com
Kaylee,Sharplin,ksharplingd@imgur.com
Gwynne,Nightingale,gnightingalege@symantec.com
Arabela,Kumaar,akumaargf@diigo.com
Else,Bairnsfather,ebairnsfathergg@ted.com
Itch,Faithfull,ifaithfullgh@studiopress.com
Tymothy,Poolman,tpoolmangi@odnoklassniki.ru
Babbie,Grayshon,bgrayshongj@nih.gov
Sean,Stoeck,sstoeckgk@weibo.com
Freddy,Dreng,fdrenggl@dyndns.org
Bearnard,Lax,blaxgm@ask.com
Lynea,Lipsett,llipsettgn@multiply.com
Jilli,Winsley,jwinsleygo@pen.io
Frasier,Heppner,fheppnergp@comsenz.com
Ashlan,Flaubert,aflaubertgq@pen.io
Ursuline,Beddoes,ubeddoesgr@intel.com
Jilleen,Adrienne,jadriennegs@usnews.com
Mufi,Askaw,maskawgt@mac.com
Dredi,Grossier,dgrossiergu@paginegialle.it
Sara-ann,Nicholson,snicholsongv@cnbc.com
Kordula,Jossel,kjosselgw@seattletimes.com
Timmi,Carmody,tcarmodygx@over-blog.com
Wyatt,Morais,wmoraisgy@furl.net
Thurston,Tute,ttutegz@friendfeed.com
Brinna,Fideler,bfidelerh0@archive.org
Dominik,Sinson,dsinsonh1@sakura.ne.jp
Mord,Andre,mandreh2@indiatimes.com
Asia,Artindale,aartindaleh3@printfriendly.com
Norene,Lithcow,nlithcowh4@phoca.cz
Merola,Gredden,mgreddenh5@networksolutions.com
Fredrick,Kerman,fkermanh6@tuttocitta.it
Tandie,Ferraresi,tferraresih7@xing.com
Gaston,Boreland,gborelandh8@pcworld.com
Tomasina,Chorlton,tchorltonh9@hatena.ne.jp
Joline,Dumphrey,jdumphreyha@imdb.com
Shaun,Gathercoal,sgathercoalhb@typepad.com
Alley,Jouhandeau,ajouhandeauhc@scribd.com
Katalin,Boothroyd,kboothroydhd@imgur.com
Ephrayim,Momery,emomeryhe@vistaprint.com
Lynne,LeEstut,lleestuthf@cam.ac.uk
Tessa,Castle,tcastlehg@ucla.edu
Carrol,Foskin,cfoskinhh@ask.com
Ellene,Hallin,ehallinhi@gov.uk
Grethel,Zimmermeister,gzimmermeisterhj@wikispaces.com
Phil,Gosford,pgosfordhk@trellian.com
Valeda,Gavriel,vgavrielhl@hc360.com
Natalie,Sparling,nsparlinghm@friendfeed.com
Findlay,Blant,fblanthn@tinypic.com
Kassey,Embery,kemberyho@google.ru
Alys,Helstrip,ahelstriphp@comcast.net
Westbrooke,Harrhy,wharrhyhq@fastcompany.com
Malva,Waud,mwaudhr@wufoo.com
Carlie,Willmer,cwillmerhs@topsy.com
Annetta,Musicka,amusickaht@netlog.com
Durante,Payn,dpaynhu@wordpress.org
Dino,Wands,dwandshv@com.com
Chrissy,Trimmell,ctrimmellhw@altervista.org
Meredith,Hathway,mhathwayhx@uiuc.edu
Barrie,Fortye,bfortyehy@answers.com
Kakalina,Cortese,kcortesehz@delicious.com
Lynnell,Dudgeon,ldudgeoni0@gravatar.com
Hanny,Ingreda,hingredai1@odnoklassniki.ru
Deni,Ales,dalesi2@sciencedirect.com
Lorianne,Kampshell,lkampshelli3@storify.com
Eleonore,Odams,eodamsi4@quantcast.com
Esmeralda,Reiners,ereinersi5@independent.co.uk
Ginelle,Gobbett,ggobbetti6@npr.org
Harlin,Seamon,hseamoni7@reddit.com
Collete,Espadate,cespadatei8@epa.gov
Maddy,McReath,mmcreathi9@is.gd
Marillin,Tipping,mtippingia@constantcontact.com
Micky,Aikett,maikettib@geocities.com
Zach,Batchelar,zbatchelaric@virginia.edu
Dorolice,Bugdale,dbugdaleid@techcrunch.com
Bat,Sorrell,bsorrellie@un.org
Roxanna,Strephan,rstrephanif@pbs.org
Alexa,Bertolin,abertolinig@51.la
Osborn,Wooster,owoosterih@newyorker.com
Brynne,Wearing,bwearingii@nba.com
Dino,Skim,dskimij@youku.com
Marianne,Scorton,mscortonik@gravatar.com
Gerhardt,Buckeridge,gbuckeridgeil@mozilla.com
Noam,Rishbrook,nrishbrookim@stumbleupon.com
Gennifer,Kevlin,gkevlinin@npr.org
Queenie,Leworthy,qleworthyio@oakley.com
Madella,Southcoat,msouthcoatip@ow.ly
Tillie,Goves,tgovesiq@qq.com
Dane,Drewe,ddreweir@bravesites.com
Kerk,Chaunce,kchaunceis@symantec.com
Laura,Figgs,lfiggsit@wufoo.com
Binni,Matula,bmatulaiu@spiegel.de
Eada,Silcox,esilcoxiv@livejournal.com
Dorris,Keen,dkeeniw@freewebs.com
Esme,Prop,epropix@reuters.com
Boone,Rainton,braintoniy@reference.com
Alix,Daybell,adaybelliz@nature.com
Dniren,Pawle,dpawlej0@mapquest.com
Virgilio,Mussard,vmussardj1@whitehouse.gov
Maurise,Vasilchikov,mvasilchikovj2@bloomberg.com
Natty,Gethins,ngethinsj3@yahoo.co.jp
Andrew,Grigorescu,agrigorescuj4@eventbrite.com
Rosalynd,Brazenor,rbrazenorj5@cnn.com
Petronella,Tansill,ptansillj6@blogger.com
Christyna,Gilchriest,cgilchriestj7@sitemeter.com
George,Hinemoor,ghinemoorj8@unc.edu
Alec,Skally,askallyj9@skyrock.com
Paolina,Stainfield,pstainfieldja@noaa.gov
Hilliary,Torrance,htorrancejb@twitpic.com
Garrard,Motto,gmottojc@devhub.com
Ondrea,Pally,opallyjd@dmoz.org
Eileen,Witheford,ewithefordje@pagesperso-orange.fr
Schuyler,Fahrenbacher,sfahrenbacherjf@businessweek.com
Vanda,O'Mara,vomarajg@imgur.com
Torrance,Vannacci,tvannaccijh@ucoz.ru
Padraig,Josephsen,pjosephsenji@tmall.com
Burk,Boyen,bboyenjj@ovh.net
Dedra,Corp,dcorpjk@indiegogo.com
Andra,Fernant,afernantjl@pinterest.com
Franciskus,Cruz,fcruzjm@google.de
Griz,McKinie,gmckiniejn@studiopress.com
Sharl,De Freyne,sdefreynejo@biblegateway.com
Roberta,Kington,rkingtonjp@technorati.com
Lexine,Botfield,lbotfieldjq@macromedia.com
Kelsey,Surgey,ksurgeyjr@plala.or.jp
Erwin,Chown,echownjs@economist.com
Delmore,Mycock,dmycockjt@accuweather.com
Bee,Lamar,blamarju@hc360.com
Jacki,Foxcroft,jfoxcroftjv@hubpages.com
Caria,Puddin,cpuddinjw@purevolume.com
Kissie,Mollindinia,kmollindiniajx@godaddy.com
Zeb,Egel,zegeljy@google.ca
Suki,Joannic,sjoannicjz@elegantthemes.com
Bartie,Bohlens,bbohlensk0@goo.ne.jp
Ronica,Berth,rberthk1@squarespace.com
Eleanore,Tourmell,etourmellk2@youku.com
Milka,Goodyer,mgoodyerk3@qq.com
Beverlee,Mogg,bmoggk4@alexa.com
Melinde,Blois,mbloisk5@a8.net
Mark,Leinthall,mleinthallk6@ebay.com
Cornall,Sissens,csissensk7@indiegogo.com
Korney,Ingrey,kingreyk8@seattletimes.com
Madge,Fremantle,mfremantlek9@google.com
Nap,Foot,nfootka@upenn.edu
Linzy,Bullivent,lbulliventkb@imdb.com
Gayler,Clarycott,gclarycottkc@bbc.co.uk
Eryn,McIlherran,emcilherrankd@umich.edu
Farica,Drover,fdroverke@goodreads.com
Cordell,Standrin,cstandrinkf@seattletimes.com
Godiva,Hasser,ghasserkg@wiley.com
Illa,Biddwell,ibiddwellkh@msn.com
Stefano,Dallicott,sdallicottki@examiner.com
Abelard,Peschke,apeschkekj@parallels.com
Aldis,Howlett,ahowlettkk@dailymail.co.uk
Ennis,MacVicar,emacvicarkl@dyndns.org
Delphine,Sivills,dsivillskm@princeton.edu
Kelley,Carncross,kcarncrosskn@wisc.edu
Dennison,Furmage,dfurmageko@springer.com
Tam,Carwithan,tcarwithankp@theguardian.com
Amelina,Peete,apeetekq@telegraph.co.uk
Viviana,Petr,vpetrkr@latimes.com
Osborne,Stappard,ostappardks@xing.com
Shaughn,Willman,swillmankt@phoca.cz
Gena,Sheringham,gsheringhamku@scribd.com
Estevan,Bainton,ebaintonkv@nationalgeographic.com
Hannah,Henke,hhenkekw@salon.com
Marketa,Constantine,mconstantinekx@netvibes.com
Candace,Marchbank,cmarchbankky@usatoday.com
Sherwood,Molloy,smolloykz@desdev.cn
Adrienne,Lambot,alambotl0@jugem.jp
Alyss,Montel,amontell1@un.org
Sandor,McLise,smclisel2@1und1.de
Rodolph,Sorsbie,rsorsbiel3@usa.gov
Craig,Braidford,cbraidfordl4@twitpic.com
Mollie,Tubby,mtubbyl5@epa.gov
Corri,MacDwyer,cmacdwyerl6@wix.com
Franni,Issacson,fissacsonl7@posterous.com
Clare,Capstake,ccapstakel8@privacy.gov.au
Barry,Chatterton,bchattertonl9@macromedia.com
Oralla,Hodjetts,ohodjettsla@nasa.gov
Gil,Pendered,gpenderedlb@unicef.org
Wilmar,Steers,wsteerslc@state.gov
Nancy,Goldes,ngoldesld@nps.gov
Wait,Harbison,wharbisonle@google.nl
Lida,Earl,learllf@discovery.com
Willette,Jeppe,wjeppelg@seesaa.net
Kerrin,Hagard,khagardlh@ovh.net
Jaquenetta,Grigorian,jgrigorianli@addthis.com
Faith,Candlin,fcandlinlj@opensource.org
Bat,Gronou,bgronoulk@addthis.com
Lexi,Orthmann,lorthmannll@columbia.edu
Patin,Floweth,pflowethlm@discovery.com
Aubrey,Nell,anellln@google.es
Anjanette,Iceton,aicetonlo@cnet.com
Vidovik,Nicholl,vnicholllp@istockphoto.com
Mortimer,Accombe,maccombelq@quantcast.com
Henka,Coverly,hcoverlylr@nationalgeographic.com
Tailor,Point,tpointls@live.com
Alexis,Larter,alarterlt@ucla.edu
Roda,Martusov,rmartusovlu@boston.com
Hurleigh,McGinn,hmcginnlv@fastcompany.com
Irita,Stanney,istanneylw@hostgator.com
Cordey,Fallowfield,cfallowfieldlx@paginegialle.it
Doro,Magovern,dmagovernly@goo.ne.jp
Skippie,Romero,sromerolz@hp.com
Marie-jeanne,Piffe,mpiffem0@bing.com
Tye,Coddington,tcoddingtonm1@google.com.br
Xymenes,Ackenhead,xackenheadm2@pcworld.com
Franky,Lobb,flobbm3@senate.gov
Gypsy,Girth,ggirthm4@altervista.org
Sadye,Scadden,sscaddenm5@xinhuanet.com
Lena,Butt,lbuttm6@macromedia.com
Fedora,Torra,ftorram7@vkontakte.ru
Roxanna,Domenge,rdomengem8@tuttocitta.it
Shannon,Draye,sdrayem9@webs.com
Kristan,Bartkiewicz,kbartkiewiczma@mozilla.com
Evey,Richemond,erichemondmb@sourceforge.net
Bartolomeo,Duffyn,bduffynmc@omniture.com
Foss,Cornish,fcornishmd@addthis.com
Colette,Eard,ceardme@buzzfeed.com
Melony,Ughetti,mughettimf@imdb.com
Desiri,Clendinning,dclendinningmg@tinyurl.com
Aurlie,Trout,atroutmh@unesco.org
Serene,Lorrie,slorriemi@yelp.com
Latisha,Kaubisch,lkaubischmj@desdev.cn
Ben,Cragg,bcraggmk@cbslocal.com
Keely,Bonnaire,kbonnaireml@mapquest.com
Cletus,Trinke,ctrinkemm@ucsd.edu
Forster,Wessel,fwesselmn@diigo.com
Spense,Harbard,sharbardmo@vinaora.com
Maddy,Volonte,mvolontemp@mediafire.com
Colas,Clowsley,cclowsleymq@latimes.com
Syd,Frear,sfrearmr@timesonline.co.uk
Amy,Esp,aespms@hugedomains.com
Rita,Serris,rserrismt@theglobeandmail.com
Jena,Boatright,jboatrightmu@canalblog.com
Seward,Fireman,sfiremanmv@last.fm
Shirlene,Edinburgh,sedinburghmw@icio.us
Ettie,Knowller,eknowllermx@mapy.cz
Bevan,Dukes,bdukesmy@quantcast.com
Golda,Hebdon,ghebdonmz@studiopress.com
Julissa,Housbie,jhousbien0@goodreads.com
Lambert,Conibear,lconibearn1@lulu.com
Brooks,Rosbottom,brosbottomn2@pagesperso-orange.fr
Orson,Todarini,otodarinin3@imgur.com
Rockie,Finlay,rfinlayn4@php.net
Stella,Band,sbandn5@google.es
Alecia,Pickersgill,apickersgilln6@google.com.au
Emmalynne,MacCafferky,emaccafferkyn7@cloudflare.com
Kayley,Childers,kchildersn8@i2i.jp
Derrek,Stuck,dstuckn9@bbb.org
Edouard,Holleran,eholleranna@imgur.com
Evy,MacGillacolm,emacgillacolmnb@usatoday.com
Starlene,Viall,sviallnc@chicagotribune.com
Alex,Kinneally,akinneallynd@slideshare.net
De,Kisting,dkistingne@jiathis.com
Suzie,Thornbarrow,sthornbarrownf@wunderground.com
Gertrud,Barrington,gbarringtonng@skyrock.com
Birk,Doley,bdoleynh@mediafire.com
Drucy,Stansbie,dstansbieni@cafepress.com
Wayland,Guare,wguarenj@infoseek.co.jp
Cloris,Langfitt,clangfittnk@engadget.com
Hyacinth,Redd,hreddnl@paypal.com
Jessica,Bryett,jbryettnm@geocities.jp
Jillayne,Emblow,jemblownn@springer.com
Shurlock,Guymer,sguymerno@dell.com
Georgia,Cowing,gcowingnp@printfriendly.com
Louise,Lackey,llackeynq@wordpress.com
Emmy,Farish,efarishnr@ebay.com
Helaine,Humberstone,hhumberstonens@jimdo.com
Susannah,Davidge,sdavidgent@wordpress.com
Rosamund,Clemanceau,rclemanceaunu@nationalgeographic.com
Selia,Rawll,srawllnv@networkadvertising.org
Sharon,Lathom,slathomnw@cbc.ca
Mel,Dubbin,mdubbinnx@go.com
Maryjane,Randlesome,mrandlesomeny@booking.com
Mae,McLaverty,mmclavertynz@slashdot.org
Dominica,Ducker,dduckero0@cnet.com
Johnette,Calender,jcalendero1@over-blog.com
Simone,Kenington,skeningtono2@globo.com
Winni,Pates,wpateso3@bbc.co.uk
Ernesto,Eddleston,eeddlestono4@moonfruit.com
Innis,Keeble,ikeebleo5@about.me
Peadar,Ruilton,pruiltono6@flickr.com
Stevy,Eudall,seudallo7@163.com
Carly,Renals,crenalso8@hostgator.com
Vanya,Rubinovitsch,vrubinovitscho9@cam.ac.uk
Rice,McCormack,rmccormackoa@hatena.ne.jp
Julina,Dufaire,jdufaireob@uol.com.br
Morgana,Moyce,mmoyceoc@chicagotribune.com
Olva,Helkin,ohelkinod@ameblo.jp
Honor,Sailes,hsailesoe@statcounter.com
Rosalinde,Brimilcombe,rbrimilcombeof@dell.com
Samson,Faraday,sfaradayog@economist.com
Oralle,Rickell,orickelloh@chronoengine.com
Sigismond,Adamini,sadaminioi@hugedomains.com
Marita,Fawbert,mfawbertoj@shutterfly.com
Godiva,Sorbie,gsorbieok@google.com.hk
Niall,Tonks,ntonksol@etsy.com
Sarge,Ortelt,sorteltom@nifty.com
Miriam,McRitchie,mmcritchieon@etsy.com
Jaimie,Glitherow,jglitherowoo@livejournal.com
Burnard,Langton,blangtonop@house.gov
Damon,Lakin,dlakinoq@hibu.com
Ulberto,Skim,uskimor@techcrunch.com
Alicia,Spyer,aspyeros@seesaa.net
Clywd,Castaner,ccastanerot@usgs.gov
Binny,Merlin,bmerlinou@joomla.org
Jarrad,McBain,jmcbainov@who.int
Sandy,Skein,sskeinow@wikimedia.org
Shirley,Chatwin,schatwinox@eventbrite.com
Stillman,Budik,sbudikoy@illinois.edu
Ileana,Trickett,itrickettoz@feedburner.com
Ring,Guinness,rguinnessp0@ning.com
Neille,Sandbrook,nsandbrookp1@facebook.com
Keriann,Burstow,kburstowp2@constantcontact.com
Marline,Kwiek,mkwiekp3@java.com
Phillie,Partkya,ppartkyap4@dot.gov
Arther,Farley,afarleyp5@goo.ne.jp
Selby,Gillbey,sgillbeyp6@tripadvisor.com
Quincy,Cheson,qchesonp7@taobao.com
Asa,Loughlin,aloughlinp8@apple.com
Kendall,Marsay,kmarsayp9@twitpic.com
Gussi,Booy,gbooypa@quantcast.com
Nevins,Iorio,nioriopb@microsoft.com
Wilmar,Benez,wbenezpc@google.com
Yvor,Zisneros,yzisnerospd@economist.com
Ingeborg,Shaw,ishawpe@sphinn.com
Isaak,Ripon,iriponpf@toplist.cz
Karilynn,Buttler,kbuttlerpg@dyndns.org
Tammy,Giffkins,tgiffkinsph@wired.com
Morgun,Netherclift,mnethercliftpi@cnet.com
Tate,Fotheringham,tfotheringhampj@tamu.edu
Fallon,Symes,fsymespk@arizona.edu
Ashlie,Jurisch,ajurischpl@adobe.com
Cecelia,Suddards,csuddardspm@t.co
Dot,Matsell,dmatsellpn@alexa.com
Elaine,Titterton,etittertonpo@facebook.com
Claiborn,Baglin,cbaglinpp@so-net.ne.jp
Elita,Kirlin,ekirlinpq@reverbnation.com
Madlin,Mattingson,mmattingsonpr@bloglovin.com
Skippie,Perrycost,sperrycostps@si.edu
Oralia,Guisot,oguisotpt@umn.edu
Mortie,Petticrew,mpetticrewpu@opensource.org
Mariana,Loftin,mloftinpv@xrea.com
Kerby,Gudge,kgudgepw@homestead.com
Duffie,Maggorini,dmaggorinipx@mysql.com
Graig,Dimont,gdimontpy@google.com.hk
Lowe,Hurdidge,lhurdidgepz@nyu.edu
Yovonnda,McIlwraith,ymcilwraithq0@webs.com
Dugald,Lie,dlieq1@zdnet.com
Kalie,Attfield,kattfieldq2@google.de
Roxy,Imlaw,rimlawq3@ow.ly
Rad,Brea,rbreaq4@geocities.jp
Quill,Head,qheadq5@amazon.de
Dag,Parken,dparkenq6@boston.com
Ashlee,Hebron,ahebronq7@yandex.ru
Genny,Doucette,gdoucetteq8@gizmodo.com
Orland,Titchmarsh,otitchmarshq9@amazon.de
Nefen,Lankford,nlankfordqa@telegraph.co.uk
Tybie,Redwall,tredwallqb@quantcast.com
Penny,Mounch,pmounchqc@sakura.ne.jp
Kirsti,Brando,kbrandoqd@gravatar.com
Olag,Nolan,onolanqe@digg.com
Sinclare,Huertas,shuertasqf@1688.com
Deane,Haugh,dhaughqg@shareasale.com
Katinka,Duxbarry,kduxbarryqh@aol.com
Felipa,Adess,fadessqi@theguardian.com
Bernette,Simanenko,bsimanenkoqj@1und1.de
Madeline,Ashbey,mashbeyqk@cmu.edu
Malynda,Davidovitch,mdavidovitchql@addtoany.com
Garrik,Verecker,gvereckerqm@google.cn
Silvanus,Gregs,sgregsqn@amazon.co.jp
Renee,Trott,rtrottqo@foxnews.com
Terrell,Punch,tpunchqp@va.gov
Herminia,Broughton,hbroughtonqq@ted.com
Aron,Gergler,agerglerqr@hao123.com
Vivienne,Hindshaw,vhindshawqs@state.gov
Blake,Callacher,bcallacherqt@psu.edu
Jefferson,Mochar,jmocharqu@about.me
Jolene,McConnal,jmcconnalqv@yellowpages.com
Thadeus,Bunhill,tbunhillqw@ustream.tv
Onida,Passman,opassmanqx@stanford.edu
Linus,Lyard,llyardqy@youtu.be
Carrissa,O'Giany,cogianyqz@yellowpages.com
Papageno,Braker,pbrakerr0@gnu.org
Michel,Vieyra,mvieyrar1@goo.gl
Rosemary,Merveille,rmerveiller2@people.com.cn
Nelie,Bony,nbonyr3@over-blog.com
Judon,Lougheid,jlougheidr4@bizjournals.com
Sela,Salaman,ssalamanr5@princeton.edu
Germaine,Simm,gsimmr6@apache.org
Oliver,Belhome,obelhomer7@jugem.jp
Evvie,Vian,evianr8@admin.ch
Gwyn,O'Driscoll,godriscollr9@ftc.gov
Martynne,Ranvoise,mranvoisera@apple.com
Halli,Bourgour,hbourgourrb@engadget.com
Cassi,Mibourne,cmibournerc@google.de
Graehme,Ciementini,gciementinird@elpais.com
Orelee,Nuttall,onuttallre@timesonline.co.uk
Mattie,Millis,mmillisrf@oaic.gov.au
Joana,Betty,jbettyrg@noaa.gov
Yehudi,Olivi,yolivirh@drupal.org
Kora,Kliemann,kkliemannri@usgs.gov
Ketty,McIlmurray,kmcilmurrayrj@reuters.com
Kathi,Abramamov,kabramamovrk@biglobe.ne.jp
Shane,Kiggel,skiggelrl@unesco.org
Elton,Gabriely,egabrielyrm@jimdo.com
Virgie,Schankelborg,vschankelborgrn@usnews.com
Tami,Jacobbe,tjacobbero@is.gd
Carmon,MacKenzie,cmackenzierp@g.co
Georgeanne,Cowen,gcowenrq@ocn.ne.jp
Truda,Stebles,tsteblesrr@dmoz.org
