firstName,lastName,email
Urson,Hengoed,uhengoed0@nature.com
Ody,Prendiville,oprendiville1@google.com
Ignacius,Mulholland,imulholland2@arizona.edu
Shawn,Tukely,stukely3@friendfeed.com
Olenka,Lumsdaine,olumsdaine4@admin.ch
Jared,Bruun,jbruun5@scientificamerican.com
Ladonna,Britch,lbritch6@mozilla.com
Orrin,Tunder,otunder7@networksolutions.com
Danielle,Corradini,dcorradini8@gizmodo.com
Stace,Harniman,sharniman9@1688.com
Dru,Spurden,dspurdena@latimes.com
Bernarr,Jiggen,bjiggenb@google.pl
Richie,Pitsall,rpitsallc@squarespace.com
Ebba,Walenta,ewalentad@alibaba.com
Lotte,Sange,lsangee@w3.org
Flori,Aspole,faspolef@usatoday.com
Willabella,London,wlondong@vinaora.com
Shaylynn,Castagnet,scastagneth@ehow.com
Farand,Bensusan,fbensusani@pagesperso-orange.fr
Richmound,MacGillacolm,rmacgillacolmj@last.fm
Marijn,Rashleigh,mrashleighk@yellowpages.com
Torey,Budgeon,tbudgeonl@unicef.org
Nataniel,Franzettoini,nfranzettoinim@blogs.com
Archibold,Swanbourne,aswanbournen@tripod.com
Bertha,Chaplyn,bchaplyno@webeden.co.uk
Georgena,Jellico,gjellicop@berkeley.edu
Heloise,Lamacraft,hlamacraftq@slideshare.net
Deloris,Fullard,dfullardr@nbcnews.com
Elaine,Willingale,ewillingales@cyberchimps.com
Victor,Benneyworth,vbenneywortht@japanpost.jp
Gayleen,Barroux,gbarrouxu@nyu.edu
Bendicty,Vause,bvausev@amazon.com
Sarine,Assandri,sassandriw@java.com
Emmey,Rocco,eroccox@weather.com
Mallory,Castellino,mcastellinoy@histats.com
Shelli,Cornewall,scornewallz@sina.com.cn
Tamas,Orhtmann,torhtmann10@infoseek.co.jp
Row,Elcome,relcome11@yellowbook.com
Torre,Dartnell,tdartnell12@disqus.com
Eve,Dyzart,edyzart13@yale.edu
Padgett,Porte,pporte14@springer.com
Henry,Searchfield,hsearchfield15@uiuc.edu
Gunner,Devonish,gdevonish16@webnode.com
Remy,Angeli,rangeli17@ezinearticles.com
Izaak,Aronstam,iaronstam18@barnesandnoble.com
Zebulen,Waterstone,zwaterstone19@ibm.com
Myrtie,Petroselli,mpetroselli1a@theglobeandmail.com
Oberon,Fletcher,ofletcher1b@joomla.org
Miquela,Iverson,miverson1c@blog.com
Malia,Simkin,msimkin1d@narod.ru
Cissy,Georg,cgeorg1e@ocn.ne.jp
Johnette,Boake,jboake1f@yahoo.com
Aura,Lauga,alauga1g@latimes.com
Ivan,Fairbrace,ifairbrace1h@foxnews.com
Tabbie,Ruppele,truppele1i@imageshack.us
Augusto,Duinbleton,aduinbleton1j@dailymail.co.uk
Jay,Linnard,jlinnard1k@marketwatch.com
Hester,Sandercroft,hsandercroft1l@amazonaws.com
Modestine,Greenhaugh,mgreenhaugh1m@mysql.com
Alix,Bottomley,abottomley1n@angelfire.com
Donnie,Emnoney,demnoney1o@mapy.cz
Clayborn,Casarini,ccasarini1p@who.int
Ofelia,De Bernardi,odebernardi1q@icio.us
Eden,Abrahamsen,eabrahamsen1r@unesco.org
Goraud,McGlue,gmcglue1s@google.it
Eldin,Edbrooke,eedbrooke1t@wikia.com
Linn,Mattam,lmattam1u@purevolume.com
Clarisse,McNuff,cmcnuff1v@paypal.com
Rasia,Macia,rmacia1w@npr.org
Cecile,Reddecliffe,creddecliffe1x@techcrunch.com
Barbaraanne,Seth,bseth1y@google.com
Garry,Endle,gendle1z@newyorker.com
Amelina,Barnaclough,abarnaclough20@tinypic.com
Shurwood,Gainor,sgainor21@oaic.gov.au
Bellina,Impson,bimpson22@studiopress.com
Ronny,Bigmore,rbigmore23@dropbox.com
Lee,Tortis,ltortis24@nba.com
Marylynne,Shemming,mshemming25@webs.com
Jae,Acheson,jacheson26@nymag.com
Salomo,Pendock,spendock27@blogtalkradio.com
Francesco,Danilovic,fdanilovic28@foxnews.com
Ertha,Colerick,ecolerick29@ucoz.ru
Monroe,MacKowle,mmackowle2a@cargocollective.com
Ike,Krollman,ikrollman2b@shinystat.com
Carlie,Alstead,calstead2c@arstechnica.com
Eve,Barnfield,ebarnfield2d@merriam-webster.com
Trevar,Lettley,tlettley2e@etsy.com
Rab,Ruppelin,rruppelin2f@dyndns.org
Aksel,Josifovitz,ajosifovitz2g@globo.com
Elwin,Tylor,etylor2h@ameblo.jp
Katheryn,Yateman,kyateman2i@fda.gov
Ansel,Sparkwill,asparkwill2j@hhs.gov
Iosep,Wadesworth,iwadesworth2k@yale.edu
Constance,Widdicombe,cwiddicombe2l@digg.com
Cherye,Klimshuk,cklimshuk2m@themeforest.net
Hewe,Churms,hchurms2n@cornell.edu
Leta,Gudger,lgudger2o@nba.com
Malva,Tournie,mtournie2p@cpanel.net
Lazarus,Boughtflower,lboughtflower2q@google.nl
Niccolo,Dawes,ndawes2r@ed.gov
Aurelie,Burnall,aburnall2s@wiley.com
Jacquelynn,Spearett,jspearett2t@geocities.jp
Debby,Ludwikiewicz,dludwikiewicz2u@telegraph.co.uk
Marcille,Orpin,morpin2v@plala.or.jp
Simone,Setterfield,ssetterfield2w@simplemachines.org
Gretchen,Haythorn,ghaythorn2x@nymag.com
Arlyne,Wildbore,awildbore2y@blogger.com
Tedie,Clausewitz,tclausewitz2z@macromedia.com
Maribeth,Bascomb,mbascomb30@admin.ch
Bastien,Caswill,bcaswill31@si.edu
Nerissa,Guilder,nguilder32@google.com.au
Harrison,Filipson,hfilipson33@discuz.net
Aurthur,Whitelock,awhitelock34@arstechnica.com
Nalani,Mowat,nmowat35@google.com.au
Darrel,Densell,ddensell36@w3.org
Bronson,Bedlington,bbedlington37@ibm.com
Sawyere,Mc Meekin,smcmeekin38@netscape.com
Ruddie,Malamore,rmalamore39@npr.org
Bea,Whittall,bwhittall3a@vk.com
Shirleen,Virgoe,svirgoe3b@parallels.com
Darb,Moorey,dmoorey3c@prnewswire.com
Glyn,Haggar,ghaggar3d@comcast.net
Rozalin,Cowden,rcowden3e@ftc.gov
Emlyn,Waldock,ewaldock3f@census.gov
Had,Lindner,hlindner3g@geocities.com
Cory,Hinz,chinz3h@g.co
Lavena,Satchel,lsatchel3i@sun.com
Ado,Ziemsen,aziemsen3j@oaic.gov.au
Ferrel,Tramel,ftramel3k@oracle.com
Marshal,Margerison,mmargerison3l@delicious.com
Koren,Caistor,kcaistor3m@trellian.com
Jeanelle,Pirazzi,jpirazzi3n@columbia.edu
Any,Woolston,awoolston3o@yandex.ru
Morlee,Haversham,mhaversham3p@dailymail.co.uk
Colleen,Ainscow,cainscow3q@weibo.com
Kennith,Bockett,kbockett3r@msn.com
Camilla,Fawdry,cfawdry3s@hatena.ne.jp
Paulo,Deering,pdeering3t@google.it
Abelard,Pfaffel,apfaffel3u@clickbank.net
Emlyn,Robertacci,erobertacci3v@ucla.edu
Remy,Heintsch,rheintsch3w@harvard.edu
Winnie,Jeffreys,wjeffreys3x@dailymotion.com
Marten,Aldwinckle,maldwinckle3y@mayoclinic.com
Henryetta,Wylder,hwylder3z@npr.org
Hamid,Feeny,hfeeny40@comcast.net
Gisella,Challenor,gchallenor41@histats.com
Flinn,Bottrill,fbottrill42@theglobeandmail.com
Gavra,Bleackly,gbleackly43@amazon.de
Stephan,Gisborne,sgisborne44@fotki.com
Trixie,Bernardotte,tbernardotte45@163.com
Gertrud,Martinek,gmartinek46@psu.edu
Noll,Murney,nmurney47@oakley.com
Corinne,Brockie,cbrockie48@fda.gov
Billye,Bowerman,bbowerman49@tumblr.com
Guthrey,Wordington,gwordington4a@usnews.com
Daryl,Mingo,dmingo4b@opensource.org
Athena,Camble,acamble4c@google.ru
Daisey,Farra,dfarra4d@abc.net.au
Audry,Coolbear,acoolbear4e@businessinsider.com
Brew,Huckster,bhuckster4f@cam.ac.uk
Catriona,Sargood,csargood4g@nba.com
Evelina,Hardson,ehardson4h@netscape.com
Leshia,Trask,ltrask4i@imageshack.us
Giavani,Pickering,gpickering4j@aboutads.info
Celestyn,Rispen,crispen4k@jalbum.net
Huntington,Itzakovitz,hitzakovitz4l@un.org
Jeremias,Deares,jdeares4m@ask.com
Pammi,Farnin,pfarnin4n@globo.com
Saba,Cambridge,scambridge4o@yellowbook.com
Binni,Matley,bmatley4p@last.fm
Stearne,Grenkov,sgrenkov4q@myspace.com
Zacharie,Haldin,zhaldin4r@census.gov
Layton,Cockayme,lcockayme4s@who.int
Edie,Mullord,emullord4t@comcast.net
Rochelle,Arias,rarias4u@europa.eu
Inesita,Gillan,igillan4v@elegantthemes.com
Wilt,Ibberson,wibberson4w@woothemes.com
Borg,Howbrook,bhowbrook4x@cpanel.net
Rhody,Reese,rreese4y@sakura.ne.jp
Lisbeth,Skudder,lskudder4z@springer.com
Bidget,Wiltshaw,bwiltshaw50@indiatimes.com
Leta,Southern,lsouthern51@buzzfeed.com
Esteban,Harrowell,eharrowell52@1und1.de
Lois,Kingzeth,lkingzeth53@psu.edu
Aloin,Reinbach,areinbach54@tuttocitta.it
Coral,Tomek,ctomek55@cpanel.net
Katrinka,Medlin,kmedlin56@constantcontact.com
Bryna,Rubbens,brubbens57@hp.com
Consuelo,Lutty,clutty58@diigo.com
Ulric,Rylatt,urylatt59@smugmug.com
Waring,Linthead,wlinthead5a@soup.io
Karia,Prandy,kprandy5b@blogs.com
Hebert,Lanigan,hlanigan5c@google.co.jp
Tamarah,Hailes,thailes5d@uiuc.edu
Tricia,Odcroft,todcroft5e@huffingtonpost.com
Benjamin,Abramski,babramski5f@paypal.com
Penny,Goodger,pgoodger5g@blog.com
Erasmus,Pardie,epardie5h@oakley.com
Julia,Linstead,jlinstead5i@state.tx.us
Laureen,Puddifer,lpuddifer5j@msu.edu
Faydra,Cawley,fcawley5k@kickstarter.com
Mikkel,Harcombe,mharcombe5l@phpbb.com
Roxie,Sherlock,rsherlock5m@sitemeter.com
Claiborne,Berzon,cberzon5n@tinyurl.com
Hailey,Bergstram,hbergstram5o@indiegogo.com
Masha,Morgan,mmorgan5p@japanpost.jp
Ximenes,Koppe,xkoppe5q@walmart.com
Gibbie,Kington,gkington5r@cnn.com
Rosamund,Klimt,rklimt5s@wikispaces.com
Gloria,Roser,groser5t@dion.ne.jp
Kaylyn,O' Loughran,koloughran5u@usa.gov
Conn,Kubista,ckubista5v@jigsy.com
Dominick,Casellas,dcasellas5w@sourceforge.net
Helene,Fippe,hfippe5x@ocn.ne.jp
Luciana,Posten,lposten5y@patch.com
Daffy,Freak,dfreak5z@wunderground.com
Sibylle,Treamayne,streamayne60@java.com
Adeline,Iacovo,aiacovo61@dagondesign.com
Benedick,Warland,bwarland62@miitbeian.gov.cn
Farah,Denison,fdenison63@admin.ch
Ray,Asbury,rasbury64@cornell.edu
Ber,Tenpenny,btenpenny65@wikimedia.org
Ike,Cordey,icordey66@seesaa.net
Tressa,Dorian,tdorian67@studiopress.com
Cordie,Cowing,ccowing68@businessinsider.com
Agneta,Bartalot,abartalot69@diigo.com
Free,Epsly,fepsly6a@issuu.com
Berkley,Sarver,bsarver6b@shop-pro.jp
Marie,Geale,mgeale6c@eepurl.com
Winnah,Nabbs,wnabbs6d@yelp.com
Peria,Scarce,pscarce6e@multiply.com
Pattie,Swinford,pswinford6f@quantcast.com
Sephira,Capelen,scapelen6g@tiny.cc
Reynolds,Coxen,rcoxen6h@devhub.com
Oates,Looks,olooks6i@shutterfly.com
Paulina,Hallbord,phallbord6j@xrea.com
Raoul,Saleway,rsaleway6k@wired.com
Mike,Ast,mast6l@jugem.jp
Mercedes,Gauntley,mgauntley6m@ameblo.jp
Robinet,Selway,rselway6n@canalblog.com
Mike,Dorkin,mdorkin6o@pinterest.com
Kathi,Ivanenko,kivanenko6p@e-recht24.de
El,Wrightson,ewrightson6q@themeforest.net
Nita,Bruckshaw,nbruckshaw6r@cpanel.net
Welch,Cavill,wcavill6s@cnbc.com
Jerrome,McKea,jmckea6t@marketwatch.com
Janeczka,Forryan,jforryan6u@mozilla.com
Quintin,Carbry,qcarbry6v@ftc.gov
Dianna,Marquet,dmarquet6w@blogtalkradio.com
Burton,Ochterlony,bochterlony6x@slideshare.net
Van,Wildt,vwildt6y@nydailynews.com
Sadie,Liddle,sliddle6z@toplist.cz
Rhea,Schankelborg,rschankelborg70@example.com
Daryl,Happel,dhappel71@dmoz.org
Michel,Maher,mmaher72@cbc.ca
Bernardo,McCleod,bmccleod73@gov.uk
Bent,Cowlard,bcowlard74@youtu.be
Alexina,Devil,adevil75@technorati.com
Schuyler,O'Fihily,sofihily76@amazon.com
Bryn,Feighry,bfeighry77@reddit.com
Terri,McKoy,tmckoy78@nbcnews.com
Vikki,Purvey,vpurvey79@gov.uk
Cherey,Lafoy,clafoy7a@indiegogo.com
Olympia,Patesel,opatesel7b@unc.edu
Archibold,Fuller,afuller7c@wired.com
Barry,Gyorffy,bgyorffy7d@cnbc.com
George,Nardrup,gnardrup7e@zdnet.com
Daisie,Mattis,dmattis7f@cnbc.com
Thor,Rankmore,trankmore7g@pcworld.com
Agace,Amys,aamys7h@biblegateway.com
Kienan,Glossop,kglossop7i@arstechnica.com
Esta,Shave,eshave7j@hostgator.com
Antoni,Yard,ayard7k@drupal.org
Carey,Carette,ccarette7l@census.gov
Orella,Coviello,ocoviello7m@bloglovin.com
Renelle,Skells,rskells7n@hatena.ne.jp
Loria,Sinkin,lsinkin7o@booking.com
Kathy,Paulsen,kpaulsen7p@gizmodo.com
Phineas,Dimbylow,pdimbylow7q@ucla.edu
Darryl,Harvard,dharvard7r@bloglovin.com
Hillyer,Applewhaite,happlewhaite7s@uiuc.edu
Roth,Weddup,rweddup7t@aboutads.info
Shantee,Fevier,sfevier7u@digg.com
Gerick,Vedmore,gvedmore7v@reuters.com
Lexis,Lodford,llodford7w@gov.uk
Abbe,Banat,abanat7x@spotify.com
Manolo,O'Neary,moneary7y@phpbb.com
Kay,Bissiker,kbissiker7z@fastcompany.com
Weider,Brambley,wbrambley80@chron.com
Paulie,Sparey,psparey81@un.org
Diarmid,Brickhill,dbrickhill82@lulu.com
Phaidra,Shitliffe,pshitliffe83@arizona.edu
Anna-diane,Dudgeon,adudgeon84@webeden.co.uk
Giselle,Entwhistle,gentwhistle85@t.co
Lazar,Tichelaar,ltichelaar86@cmu.edu
Elijah,Blair,eblair87@comcast.net
Odille,Poland,opoland88@mediafire.com
Ad,Brailsford,abrailsford89@csmonitor.com
Erma,Martschke,emartschke8a@guardian.co.uk
Marilyn,Pughsley,mpughsley8b@java.com
Lewes,Alldridge,lalldridge8c@pen.io
Kristos,Mathers,kmathers8d@livejournal.com
Christoforo,Clulow,cclulow8e@wikimedia.org
Micky,Murison,mmurison8f@who.int
Corena,O'Nion,conion8g@wordpress.org
Prentice,Dagnall,pdagnall8h@1688.com
Humfrey,Licciardo,hlicciardo8i@who.int
Tabbi,Spaight,tspaight8j@comcast.net
Livy,Brosh,lbrosh8k@stumbleupon.com
Sally,Windmill,swindmill8l@thetimes.co.uk
Dave,Cusick,dcusick8m@google.ru
Konstantin,Stallion,kstallion8n@yolasite.com
Dottie,Vercruysse,dvercruysse8o@behance.net
Rudiger,Vedmore,rvedmore8p@de.vu
Delphinia,Benit,dbenit8q@columbia.edu
Norbert,Steptow,nsteptow8r@sphinn.com
Abbie,Ebanks,aebanks8s@buzzfeed.com
Gloria,Gillmore,ggillmore8t@tripadvisor.com
Bartlett,De La Coste,bdelacoste8u@drupal.org
Alis,Mumby,amumby8v@fda.gov
Chickie,Sennett,csennett8w@gizmodo.com
Arden,Tokell,atokell8x@shinystat.com
Curtice,Mantle,cmantle8y@addthis.com
Tiler,Headan,theadan8z@statcounter.com
Fidel,Bridat,fbridat90@behance.net
Jewel,Hefner,jhefner91@hc360.com
Hailey,Cayser,hcayser92@vimeo.com
Charissa,Lambard,clambard93@dagondesign.com
Eddie,Aldwick,ealdwick94@webs.com
Karisa,Behagg,kbehagg95@ezinearticles.com
Wylma,Walley,wwalley96@abc.net.au
Afton,Gossop,agossop97@miibeian.gov.cn
Breena,Szymonowicz,bszymonowicz98@utexas.edu
Jim,Romero,jromero99@wp.com
Nevile,Wasbey,nwasbey9a@exblog.jp
Delphine,Tomaszewski,dtomaszewski9b@npr.org
Devlen,Kellough,dkellough9c@prnewswire.com
Randie,Gallimore,rgallimore9d@google.cn
Gleda,Jamot,gjamot9e@columbia.edu
Carolan,Folonin,cfolonin9f@t-online.de
Ethelbert,Ackhurst,eackhurst9g@rambler.ru
Annabelle,Littell,alittell9h@pagesperso-orange.fr
Jesse,Laydon,jlaydon9i@biblegateway.com
Aeriela,Danovich,adanovich9j@unblog.fr
Valentine,Borland,vborland9k@friendfeed.com
Aeriel,Preddle,apreddle9l@oracle.com
Sally,Berrisford,sberrisford9m@bluehost.com
Khalil,Hallor,khallor9n@topsy.com
Vale,Marrison,vmarrison9o@yellowpages.com
Mady,Gomersal,mgomersal9p@kickstarter.com
Gerti,Espinosa,gespinosa9q@liveinternet.ru
Edy,Denisard,edenisard9r@tmall.com
Meridel,Elwyn,melwyn9s@mysql.com
Alisun,Simnor,asimnor9t@go.com
Sara-ann,Combe,scombe9u@ocn.ne.jp
Bax,Lanfer,blanfer9v@hostgator.com
Ertha,Shelf,eshelf9w@ebay.co.uk
Agretha,Stocks,astocks9x@geocities.com
Janeen,Shipp,jshipp9y@hao123.com
Jolie,Toplin,jtoplin9z@google.com.hk
Farlie,Ferenczy,fferenczya0@umn.edu
Marlene,Grouen,mgrouena1@list-manage.com
Allissa,O'Neill,aoneilla2@chron.com
Raddie,Laboune,rlabounea3@wp.com
Hyman,Verna,hvernaa4@rakuten.co.jp
Jose,Ornils,jornilsa5@altervista.org
Horatius,Copner,hcopnera6@shinystat.com
Arabel,McElree,amcelreea7@senate.gov
Austen,Arkley,aarkleya8@cpanel.net
Morey,Borgnol,mborgnola9@wikispaces.com
Clareta,Torrese,ctorreseaa@bluehost.com
Humphrey,Donaghie,hdonaghieab@eventbrite.com
Tremain,Balchen,tbalchenac@tinypic.com
Gale,Grigg,ggriggad@shop-pro.jp
Nerte,Pethybridge,npethybridgeae@princeton.edu
Corena,Bloxsome,cbloxsomeaf@sitemeter.com
Bev,Hane,bhaneag@jugem.jp
Mick,Mazzia,mmazziaah@imageshack.us
Hannis,Phinnessy,hphinnessyai@cdbaby.com
Tuesday,Goode,tgoodeaj@1688.com
Elisabetta,Garlett,egarlettak@guardian.co.uk
Morganne,Lent,mlental@cdc.gov
Nolie,Edginton,nedgintonam@uiuc.edu
Rouvin,Liggons,rliggonsan@amazon.co.uk
Camila,Pallant,cpallantao@wiley.com
Arvin,Fairbanks,afairbanksap@arizona.edu
Zebadiah,Overel,zoverelaq@goo.gl
Tish,Matys,tmatysar@uol.com.br
Saraann,Lingley,slingleyas@technorati.com
Bryon,Jedrysik,bjedrysikat@mediafire.com
Averill,Harkes,aharkesau@sphinn.com
Glad,Breese,gbreeseav@4shared.com
Alley,Izacenko,aizacenkoaw@kickstarter.com
Harwilll,Houchen,hhouchenax@usda.gov
Aylmar,Jirik,ajirikay@multiply.com
Eliza,Dainter,edainteraz@hao123.com
Linnea,Glowacz,lglowaczb0@tuttocitta.it
Catlaina,Shapcott,cshapcottb1@soundcloud.com
Angelita,Warn,awarnb2@printfriendly.com
Lindsay,Bathurst,lbathurstb3@devhub.com
Meade,Chaudret,mchaudretb4@live.com
Tyler,Dearlove,tdearloveb5@springer.com
Ray,Prothero,rprotherob6@jiathis.com
Skyler,Behrendsen,sbehrendsenb7@free.fr
Kennie,Millom,kmillomb8@usda.gov
Romeo,Lent,rlentb9@mtv.com
Kaia,Maides,kmaidesba@creativecommons.org
Kippie,Pioch,kpiochbb@cloudflare.com
Jenda,Howard - Gater,jhowardgaterbc@indiatimes.com
Gabi,Nason,gnasonbd@icio.us
Quint,Sydney,qsydneybe@marriott.com
Amanda,Antognazzi,aantognazzibf@nbcnews.com
Rivkah,Arthur,rarthurbg@chron.com
Kerwin,Elfe,kelfebh@salon.com
Rex,Wey,rweybi@hatena.ne.jp
Raine,Padkin,rpadkinbj@unblog.fr
Petronia,Kullmann,pkullmannbk@amazon.com
Lexi,Muress,lmuressbl@chicagotribune.com
Susanna,Goulden,sgouldenbm@jimdo.com
Rolfe,Kirwin,rkirwinbn@cmu.edu
Sidnee,Pfaffel,spfaffelbo@cpanel.net
Darrel,Simon,dsimonbp@1und1.de
Beitris,Upton,buptonbq@ed.gov
Prince,Cavanaugh,pcavanaughbr@wisc.edu
Edgard,Akast,eakastbs@tripadvisor.com
Giraldo,Stringer,gstringerbt@ed.gov
Dalli,Leaburn,dleaburnbu@yandex.ru
Hinze,Ewence,hewencebv@privacy.gov.au
Milicent,Mankor,mmankorbw@sun.com
Glen,Lieber,glieberbx@istockphoto.com
Boy,McKeveney,bmckeveneyby@ebay.co.uk
Judy,Blakeden,jblakedenbz@earthlink.net
Stanleigh,Gavigan,sgaviganc0@apache.org
Brose,Norquay,bnorquayc1@cbc.ca
Gaylene,Galer,ggalerc2@un.org
Inessa,Mycroft,imycroftc3@posterous.com
Melinda,Hutchinson,mhutchinsonc4@aboutads.info
Gladys,Emmot,gemmotc5@cpanel.net
Burty,Donan,bdonanc6@microsoft.com
Brennan,Danels,bdanelsc7@feedburner.com
Helena,Stonebanks,hstonebanksc8@dion.ne.jp
Paloma,Guillet,pguilletc9@examiner.com
Britteny,Tomasek,btomasekca@goodreads.com
Stevie,Vasyukhichev,svasyukhichevcb@nhs.uk
Ian,McDirmid,imcdirmidcc@businessinsider.com
Bord,D'Antoni,bdantonicd@cargocollective.com
Salomo,Hannent,shannentce@163.com
Aland,Zellick,azellickcf@newyorker.com
Mattias,Lefort,mlefortcg@vkontakte.ru
Lusa,Ledrun,lledrunch@feedburner.com
Ayn,Munnings,amunningsci@irs.gov
Anson,Bamblett,abamblettcj@hibu.com
Erich,Mosdell,emosdellck@webmd.com
Brandtr,Hardingham,bhardinghamcl@ucla.edu
Shepperd,Desseine,sdesseinecm@phpbb.com
Sylvia,Goundrill,sgoundrillcn@godaddy.com
Salim,Wintringham,swintringhamco@phpbb.com
Eryn,Waddingham,ewaddinghamcp@ow.ly
Stevana,Verheyden,sverheydencq@tuttocitta.it
Jim,Constance,jconstancecr@yahoo.co.jp
Felicia,Pickerin,fpickerincs@liveinternet.ru
Joly,Browse,jbrowsect@seattletimes.com
Margot,Carlesi,mcarlesicu@parallels.com
Jedidiah,Berrigan,jberrigancv@chronoengine.com
Sampson,Keilty,skeiltycw@quantcast.com
Mirna,Boddam,mboddamcx@privacy.gov.au
Abbye,Gillespie,agillespiecy@sogou.com
Theo,Tooker,ttookercz@infoseek.co.jp
Haleigh,Heinsh,hheinshd0@bandcamp.com
Leeann,Treamayne,ltreamayned1@who.int
Skipton,Lyness,slynessd2@gravatar.com
Tobe,Mathiassen,tmathiassend3@ihg.com
Hermine,MacLachlan,hmaclachland4@utexas.edu
Tobey,Harston,tharstond5@jiathis.com
Malachi,Kennsley,mkennsleyd6@bing.com
Frederigo,Futter,ffutterd7@storify.com
Wakefield,Buglar,wbuglard8@mayoclinic.com
Charmian,Deroche,cderoched9@people.com.cn
Ozzie,Spinley,ospinleyda@macromedia.com
Kissie,Leicester,kleicesterdb@jiathis.com
Doralynne,Mil,dmildc@i2i.jp
Denise,Coppard,dcopparddd@cdc.gov
Kristen,Kennett,kkennettde@miibeian.gov.cn
Mortie,Speariett,mspeariettdf@bravesites.com
Tim,Hubbard,thubbarddg@example.com
Danila,Hubback,dhubbackdh@epa.gov
Paton,Wordley,pwordleydi@blogtalkradio.com
Loren,Mighele,lmigheledj@imageshack.us
Clem,Carragher,ccarragherdk@meetup.com
Tom,Lembke,tlembkedl@nationalgeographic.com
Callida,Fryd,cfryddm@epa.gov
Roshelle,Boast,rboastdn@amazon.co.uk
Tades,Gebhardt,tgebhardtdo@drupal.org
Fitz,Gyurko,fgyurkodp@miibeian.gov.cn
Alicia,Roughsedge,aroughsedgedq@yelp.com
Tess,Mauser,tmauserdr@usa.gov
Nannette,Crosse,ncrosseds@wikimedia.org
Nonna,Annand,nannanddt@apache.org
Neron,Chugg,nchuggdu@blinklist.com
Talyah,Gadsden,tgadsdendv@house.gov
Blaine,Binnes,bbinnesdw@google.com.hk
Lynelle,Seaman,lseamandx@hao123.com
Rafaello,Worton,rwortondy@surveymonkey.com
Meagan,Domeney,mdomeneydz@samsung.com
Amelina,Dunsire,adunsiree0@so-net.ne.jp
Dulcy,Chown,dchowne1@amazon.co.jp
Marnie,Macoun,mmacoune2@lycos.com
Berky,Flips,bflipse3@domainmarket.com
Ashely,Kummerlowe,akummerlowee4@microsoft.com
Lucio,Ezzell,lezzelle5@51.la
Truman,Penelli,tpenellie6@joomla.org
Kerr,Duchateau,kduchateaue7@google.com.br
Sheilah,Dargavel,sdargavele8@tuttocitta.it
Kenny,Lindop,klindope9@example.com
Gar,Absolom,gabsolomea@theatlantic.com
Holly,Lewsley,hlewsleyeb@sciencedaily.com
Clarey,Stockton,cstocktonec@china.com.cn
Madlen,Stolberger,mstolbergered@economist.com
Pippy,Rewbottom,prewbottomee@cocolog-nifty.com
Tersina,Fortie,tfortieef@mozilla.com
Trevar,Suttling,tsuttlingeg@fc2.com
Jacklyn,Collete,jcolleteeh@boston.com
Melisa,Bentinck,mbentinckei@sitemeter.com
Rolando,Pitkeathley,rpitkeathleyej@umich.edu
Barclay,Waring,bwaringek@wordpress.com
Uriah,Jachimiak,ujachimiakel@live.com
Ekaterina,Jory,ejoryem@ca.gov
Appolonia,Jervis,ajervisen@google.com.br
Maegan,Scoates,mscoateseo@sphinn.com
Isaak,Zavattieri,izavattieriep@photobucket.com
Letisha,Rewbottom,lrewbottomeq@scientificamerican.com
Philipa,Maskell,pmaskeller@studiopress.com
Reeta,MacKean,rmackeanes@skype.com
Lilllie,Berrane,lberraneet@posterous.com
Faustine,Varian,fvarianeu@diigo.com
Sherm,O' Concannon,soconcannonev@friendfeed.com
Bancroft,Parnall,bparnallew@barnesandnoble.com
Jamal,Tixier,jtixierex@spotify.com
Karim,Rentenbeck,krentenbeckey@weibo.com
Thia,Rummery,trummeryez@youtube.com
Helyn,Wehnerr,hwehnerrf0@bbc.co.uk
Eugine,Salt,esaltf1@elpais.com
Bennie,Boniface,bbonifacef2@prlog.org
Babbette,Arrell,barrellf3@so-net.ne.jp
Lulita,Bichener,lbichenerf4@webmd.com
Horatia,Hellwing,hhellwingf5@microsoft.com
Cornelle,Mc-Kerley,cmckerleyf6@narod.ru
Lanny,Caudell,lcaudellf7@hugedomains.com
Thorn,Gorthy,tgorthyf8@lycos.com
Goldia,Alflat,galflatf9@prnewswire.com
Wilhelmine,Carling,wcarlingfa@trellian.com
Roxine,Pleager,rpleagerfb@surveymonkey.com
Bone,Adolf,badolffc@i2i.jp
Jannel,Dhenin,jdheninfd@amazon.co.jp
Sissie,Middler,smiddlerfe@skyrock.com
Sheffield,Showell,sshowellff@digg.com
Iosep,Fouldes,ifouldesfg@mozilla.com
Iain,Vaneev,ivaneevfh@twitpic.com
Ardra,Hanner,ahannerfi@barnesandnoble.com
Emmalyn,Griffey,egriffeyfj@devhub.com
Violante,Edmands,vedmandsfk@weebly.com
Jerrilee,Coleman,jcolemanfl@theguardian.com
Salem,Danilewicz,sdanilewiczfm@technorati.com
Ethelred,Laurenson,elaurensonfn@opensource.org
Wiatt,Adamik,wadamikfo@stumbleupon.com
Kelwin,Pecha,kpechafp@intel.com
Gillan,Tappin,gtappinfq@home.pl
Kiley,Carbett,kcarbettfr@topsy.com
Conrad,Crean,ccreanfs@china.com.cn
Corrine,Epinay,cepinayft@de.vu
Deidre,MacConnel,dmacconnelfu@vinaora.com
Gal,Graysmark,ggraysmarkfv@howstuffworks.com
Glyn,Bowton,gbowtonfw@addtoany.com
Odelinda,Osgar,oosgarfx@livejournal.com
Anjela,Van Salzberger,avansalzbergerfy@istockphoto.com
Caron,Mines,cminesfz@amazon.co.uk
Chaddie,Dymock,cdymockg0@purevolume.com
Joan,McMorland,jmcmorlandg1@g.co
Darn,Forst,dforstg2@baidu.com
Niles,Jenteau,njenteaug3@pagesperso-orange.fr
Kimberli,Syms,ksymsg4@i2i.jp
Gibbie,Rodders,groddersg5@storify.com
Filmer,Peacop,fpeacopg6@nsw.gov.au
Thaddus,Ibeson,tibesong7@marketwatch.com
Cris,Loram,cloramg8@github.io
Anatol,Nickell,anickellg9@mayoclinic.com
Carlin,Mico,cmicoga@abc.net.au
Correy,Purveys,cpurveysgb@uiuc.edu
Gonzalo,Gatherer,ggatherergc@bloglovin.com
Terrence,Stevings,tstevingsgd@ocn.ne.jp
Jerry,Mallord,jmallordge@github.io
Harrietta,Dahmke,hdahmkegf@angelfire.com
Zared,Lohrensen,zlohrensengg@washington.edu
Aurelea,Hawley,ahawleygh@ox.ac.uk
Eolanda,Randall,erandallgi@tripadvisor.com
Trista,Velasquez,tvelasquezgj@hhs.gov
Bayard,Blaxter,bblaxtergk@flickr.com
Carney,Kellie,ckelliegl@barnesandnoble.com
Murdock,Olman,molmangm@buzzfeed.com
Karlotta,Glasscott,kglasscottgn@arstechnica.com
Matilda,Elvins,melvinsgo@google.com.au
Doti,Went,dwentgp@photobucket.com
Courtnay,Pottery,cpotterygq@irs.gov
Hedvige,Besson,hbessongr@noaa.gov
Keven,Dougher,kdoughergs@is.gd
Terza,Webberley,twebberleygt@vk.com
Torre,Smidmor,tsmidmorgu@qq.com
Wilhelmine,Newcome,wnewcomegv@rakuten.co.jp
Sarah,Shooter,sshootergw@telegraph.co.uk
Pincus,Boadby,pboadbygx@psu.edu
Brittne,Miebes,bmiebesgy@ow.ly
Ninetta,Stowe,nstowegz@soup.io
Anatola,Jikylls,ajikyllsh0@mlb.com
Gino,Behr,gbehrh1@constantcontact.com
Skippie,Thompstone,sthompstoneh2@so-net.ne.jp
Eldon,Hartegan,eharteganh3@seattletimes.com
Cob,Tissington,ctissingtonh4@gnu.org
Bent,Lightollers,blightollersh5@psu.edu
Janaya,Pietasch,jpietaschh6@bing.com
Janka,Winch,jwinchh7@storify.com
Coreen,Emmatt,cemmatth8@cmu.edu
Ninnetta,Vannuccinii,nvannucciniih9@xrea.com
Gayler,Benson,gbensonha@com.com
Jeannette,Iorio,jioriohb@google.com.au
Leeland,Tuppeny,ltuppenyhc@wiley.com
Timmy,Kinsley,tkinsleyhd@narod.ru
Tressa,Hruska,thruskahe@google.es
Cornelia,Dunthorne,cdunthornehf@pen.io
Cord,Gowdridge,cgowdridgehg@blogger.com
Latrina,Janecek,ljanecekhh@w3.org
Huey,Janouch,hjanouchhi@marketwatch.com
Deane,Gasson,dgassonhj@imdb.com
Trefor,Simkin,tsimkinhk@hud.gov
Hugh,Donoghue,hdonoghuehl@army.mil
Humbert,Teese,hteesehm@ihg.com
Wynny,Brecknell,wbrecknellhn@prweb.com
Cyb,Learmond,clearmondho@state.gov
Martguerita,Shorthouse,mshorthousehp@github.io
Melitta,Brushfield,mbrushfieldhq@mapy.cz
Claribel,Dickens,cdickenshr@yolasite.com
Simeon,Jarmaine,sjarmainehs@de.vu
Ivor,Lardez,ilardezht@example.com
Marna,Ungerechts,mungerechtshu@squarespace.com
Colby,Tanswill,ctanswillhv@a8.net
Miguel,Bowcock,mbowcockhw@ehow.com
Agosto,Trendle,atrendlehx@ifeng.com
Dario,Hissett,dhissetthy@theguardian.com
Chris,Cattini,ccattinihz@sciencedirect.com
Jerrilyn,Norewood,jnorewoodi0@mozilla.org
Queenie,Neillans,qneillansi1@youtube.com
Alric,Biggar,abiggari2@tinyurl.com
Chloris,Eves,cevesi3@altervista.org
Mariquilla,Angeli,mangelii4@hhs.gov
Auroora,Gubbin,agubbini5@sina.com.cn
Ezechiel,Jarritt,ejarritti6@eepurl.com
Branden,Dyster,bdysteri7@latimes.com
Fairleigh,Flaonier,fflaonieri8@dyndns.org
Stavro,Trass,strassi9@sohu.com
Aloysius,Flintoft,aflintoftia@springer.com
Guillema,Raphael,graphaelib@gnu.org
Dorothy,Angrove,dangroveic@list-manage.com
Marcia,Denton,mdentonid@bravesites.com
Kerri,Bazoche,kbazocheie@ibm.com
Arri,Flori,afloriif@odnoklassniki.ru
Ciro,Grigorey,cgrigoreyig@barnesandnoble.com
Rozalie,Cordeux,rcordeuxih@unc.edu
Patrizio,Fairweather,pfairweatherii@ftc.gov
Costanza,Spitaro,cspitaroij@arizona.edu
Gustav,Stalf,gstalfik@google.fr
Reese,Shackell,rshackellil@youtube.com
Lina,Kenafaque,lkenafaqueim@fc2.com
Alena,Stennings,astenningsin@nba.com
Robbie,Shearn,rshearnio@nifty.com
Eolanda,Dunstall,edunstallip@istockphoto.com
Christean,Corriea,ccorrieaiq@gov.uk
Cynthy,Franzke,cfranzkeir@squidoo.com
Averyl,Raylton,arayltonis@seattletimes.com
Ronny,Barkworth,rbarkworthit@weather.com
Jarrid,Audiss,jaudissiu@vinaora.com
Donal,McKeever,dmckeeveriv@twitpic.com
Eachelle,Carlesi,ecarlesiiw@businessweek.com
Mycah,Crisall,mcrisallix@wisc.edu
Marybeth,Rosenau,mrosenauiy@cocolog-nifty.com
Thornton,Woolland,twoollandiz@freewebs.com
Emery,Yepiskopov,eyepiskopovj0@archive.org
Bronson,Clears,bclearsj1@answers.com
Bertrando,Blenkinship,bblenkinshipj2@usnews.com
Porter,Jessel,pjesselj3@jigsy.com
Shelagh,Messier,smessierj4@unc.edu
Jude,Worsnup,jworsnupj5@amazonaws.com
Papagena,Crockett,pcrockettj6@archive.org
Linda,Windebank,lwindebankj7@twitter.com
Ali,Doumerc,adoumercj8@wiley.com
Tootsie,Kees,tkeesj9@rambler.ru
Agatha,Knightsbridge,aknightsbridgeja@opera.com
Shaina,Flannigan,sflanniganjb@cyberchimps.com
Christabella,Vousden,cvousdenjc@flavors.me
Derick,Kindleysides,dkindleysidesjd@i2i.jp
Lucias,Trayford,ltrayfordje@columbia.edu
Farlie,Meyer,fmeyerjf@seattletimes.com
Flynn,Niblo,fniblojg@nih.gov
Joel,Penke,jpenkejh@tiny.cc
Terese,Prestland,tprestlandji@hostgator.com
Correy,Tumber,ctumberjj@photobucket.com
Kendal,Devita,kdevitajk@sciencedaily.com
Wilfred,Markus,wmarkusjl@t-online.de
Udall,Ransfield,uransfieldjm@epa.gov
Helene,Batcock,hbatcockjn@soup.io
Linell,Mundy,lmundyjo@wunderground.com
Teressa,Windsor,twindsorjp@admin.ch
Fan,Sokill,fsokilljq@nature.com
Estrella,O'Siaghail,eosiaghailjr@mapy.cz
Gertrudis,Dewdeny,gdewdenyjs@plala.or.jp
Toddie,Fender,tfenderjt@twitpic.com
Claribel,Guise,cguiseju@scribd.com
Janis,Biddle,jbiddlejv@huffingtonpost.com
Bartram,Weond,bweondjw@marriott.com
Dorene,Billingsley,dbillingsleyjx@miitbeian.gov.cn
Mikaela,Ivashin,mivashinjy@weather.com
Samuel,Gilder,sgilderjz@blogger.com
Malorie,Woffinden,mwoffindenk0@who.int
Torey,Gilchrist,tgilchristk1@smh.com.au
Jacquie,Castro,jcastrok2@themeforest.net
Candida,Schole,cscholek3@tmall.com
Clare,Fayter,cfayterk4@lycos.com
Veronike,Heinish,vheinishk5@woothemes.com
Robers,Soigoux,rsoigouxk6@homestead.com
Agata,Pinel,apinelk7@cdbaby.com
Culley,Hainge,chaingek8@github.io
Barby,Pyson,bpysonk9@github.io
Rozalin,Manshaw,rmanshawka@addthis.com
Danya,Pendrey,dpendreykb@whitehouse.gov
Ezekiel,Duckitt,educkittkc@wordpress.com
Washington,McVaugh,wmcvaughkd@over-blog.com
Alejoa,Spacey,aspaceyke@berkeley.edu
Viviyan,Hurdidge,vhurdidgekf@sciencedirect.com
Upton,Crole,ucrolekg@free.fr
Pierrette,Crabb,pcrabbkh@bbb.org
Ferne,Vallens,fvallenski@discovery.com
Lucius,Ianizzi,lianizzikj@illinois.edu
Brietta,Morville,bmorvillekk@hostgator.com
Norma,Budden,nbuddenkl@usa.gov
Cordi,Schole,cscholekm@elpais.com
Stefan,Bridel,sbridelkn@biglobe.ne.jp
Minerva,Wrighton,mwrightonko@huffingtonpost.com
Tybi,Plante,tplantekp@unblog.fr
Tony,Larking,tlarkingkq@yellowpages.com
Tucker,Ledley,tledleykr@msn.com
Jacki,Trewhella,jtrewhellaks@studiopress.com
Henry,Davidsohn,hdavidsohnkt@epa.gov
Gregory,Burnage,gburnageku@theguardian.com
Julia,Asals,jasalskv@telegraph.co.uk
Elroy,Bigglestone,ebigglestonekw@census.gov
Amble,Billborough,abillboroughkx@ameblo.jp
Cos,Fleisch,cfleischky@narod.ru
Danielle,Lowen,dlowenkz@dagondesign.com
Patten,Slowley,pslowleyl0@hugedomains.com
Nertie,Hove,nhovel1@wufoo.com
Terra,Duce,tducel2@mozilla.com
Darby,Bartalini,dbartalinil3@ning.com
Sophronia,Arnfield,sarnfieldl4@zimbio.com
Ulises,Davidy,udavidyl5@google.com
Juan,McMackin,jmcmackinl6@sbwire.com
Mickie,Woolforde,mwoolfordel7@drupal.org
Paolina,Fritche,pfritchel8@163.com
Ethelin,Tunniclisse,etunniclissel9@ibm.com
Nap,Jeffree,njeffreela@rakuten.co.jp
Rockey,Sibyllina,rsibyllinalb@smugmug.com
Elihu,Rainger,eraingerlc@quantcast.com
Stacey,Quare,squareld@thetimes.co.uk
Eugen,Chidwick,echidwickle@fc2.com
Byram,Clingoe,bclingoelf@canalblog.com
Elene,Luck,elucklg@tumblr.com
Monique,Smellie,msmellielh@slashdot.org
Ines,Marklin,imarklinli@yolasite.com
Hy,Hessay,hhessaylj@360.cn
Tanner,Howse,thowselk@skyrock.com
Farlay,Grinikhin,fgrinikhinll@intel.com
Aida,Jewiss,ajewisslm@hp.com
Kelwin,Byart,kbyartln@xinhuanet.com
Thane,Tomczynski,ttomczynskilo@telegraph.co.uk
Mamie,Strood,mstroodlp@soup.io
Joycelin,Pettigrew,jpettigrewlq@discuz.net
Daron,Lanfear,dlanfearlr@umich.edu
Sol,Cranmor,scranmorls@stanford.edu
Talbot,Keast,tkeastlt@nifty.com
Arden,Comsty,acomstylu@npr.org
Shawnee,Costley,scostleylv@infoseek.co.jp
Dell,Sleath,dsleathlw@flavors.me
Bernie,Candlish,bcandlishlx@drupal.org
Lynda,Ratray,lratrayly@bluehost.com
Larry,MacAskie,lmacaskielz@chron.com
Ina,Cornbill,icornbillm0@issuu.com
Fitzgerald,Kempson,fkempsonm1@gnu.org
Bo,Strowther,bstrowtherm2@sina.com.cn
Tommy,Ibbeson,tibbesonm3@list-manage.com
Suzette,Sabatini,ssabatinim4@kickstarter.com
Donall,Fatharly,dfatharlym5@altervista.org
Nikki,Spikins,nspikinsm6@istockphoto.com
Derrick,Goadby,dgoadbym7@ft.com
April,Mulles,amullesm8@istockphoto.com
Obadiah,Hellewell,ohellewellm9@techcrunch.com
Katherine,Killingworth,kkillingworthma@shareasale.com
Dallas,Torri,dtorrimb@ihg.com
Tracy,Privost,tprivostmc@pen.io
Bogart,Simonaitis,bsimonaitismd@stumbleupon.com
Daryle,Gatecliffe,dgatecliffeme@mayoclinic.com
Carolynn,Ertel,certelmf@independent.co.uk
Drew,Murrill,dmurrillmg@oracle.com
Germana,Bingham,gbinghammh@hatena.ne.jp
Ninnetta,Meere,nmeeremi@flickr.com
Calhoun,Brock,cbrockmj@accuweather.com
Aidan,Parsisson,aparsissonmk@about.me
Hermann,Hastwall,hhastwallml@cbc.ca
Neala,Mulrean,nmulreanmm@i2i.jp
Ruthie,Crossfeld,rcrossfeldmn@delicious.com
Cristobal,Saunt,csauntmo@xinhuanet.com
Deerdre,Beebee,dbeebeemp@npr.org
Moyna,Blethin,mblethinmq@wiley.com
Liv,Luckings,lluckingsmr@netlog.com
Felizio,Kineton,fkinetonms@flavors.me
Ike,Huckerbe,ihuckerbemt@paypal.com
Bliss,Nelius,bneliusmu@xrea.com
Emmye,Jansens,ejansensmv@guardian.co.uk
Libbie,Parnby,lparnbymw@amazonaws.com
Shirleen,Booty,sbootymx@ovh.net
Hazel,Euplate,heuplatemy@posterous.com
Modestine,Krolman,mkrolmanmz@hhs.gov
Silvie,Eldrid,seldridn0@google.com.br
Kate,Sommerly,ksommerlyn1@nhs.uk
Devora,Rexworthy,drexworthyn2@webnode.com
Friederike,Cumes,fcumesn3@noaa.gov
Oralla,Shemelt,oshemeltn4@w3.org
Niel,Elph,nelphn5@apache.org
Fredi,Merryman,fmerrymann6@shareasale.com
Jed,Cammish,jcammishn7@answers.com
Nevil,Mardoll,nmardolln8@instagram.com
Chrissie,Lewty,clewtyn9@tripadvisor.com
Ashbey,Gilkes,agilkesna@mit.edu
Charlie,Van Dijk,cvandijknb@scientificamerican.com
Berkly,Knappett,bknappettnc@domainmarket.com
Emlen,Hardwin,ehardwinnd@mayoclinic.com
Edsel,Chason,echasonne@comsenz.com
Dermot,Baddoe,dbaddoenf@wikipedia.org
Torey,Bennell,tbennellng@slate.com
Aurelia,Sidsaff,asidsaffnh@lycos.com
Lee,Feldmesser,lfeldmesserni@senate.gov
Rhonda,Swigg,rswiggnj@twitpic.com
Curtis,Bunson,cbunsonnk@aol.com
Tabbie,Le Page,tlepagenl@mashable.com
Natassia,Brislan,nbrislannm@prweb.com
Mitch,Karpov,mkarpovnn@oracle.com
Marybelle,Bowdidge,mbowdidgeno@wikipedia.org
Belinda,Cork,bcorknp@spiegel.de
Dyana,Probart,dprobartnq@nytimes.com
Jens,Humphrys,jhumphrysnr@state.tx.us
Faunie,Gillice,fgillicens@1688.com
Lilas,Prop,lpropnt@loc.gov
Vinnie,Bravington,vbravingtonnu@blogspot.com
Alameda,Yaldren,ayaldrennv@economist.com
Simona,Francey,sfranceynw@tripadvisor.com
Quincy,Gumb,qgumbnx@berkeley.edu
Marven,Smee,msmeeny@shareasale.com
Claiborne,Aslie,caslienz@intel.com
Erastus,Caramuscia,ecaramusciao0@cdbaby.com
Curtice,Musson,cmussono1@imageshack.us
Collie,Ethelston,cethelstono2@adobe.com
Raynor,McCay,rmccayo3@adobe.com
Gabi,Filipson,gfilipsono4@clickbank.net
Maible,Bullerwell,mbullerwello5@aol.com
Caryn,Bolley,cbolleyo6@acquirethisname.com
Ennis,Mallinar,emallinaro7@japanpost.jp
Shepherd,Fried,sfriedo8@ustream.tv
Abra,Lysaght,alysaghto9@mit.edu
Anne-corinne,Perchard,aperchardoa@woothemes.com
Rudyard,Veschambre,rveschambreob@hao123.com
Hephzibah,Deare,hdeareoc@qq.com
Petronille,Whacket,pwhacketod@cloudflare.com
Ezequiel,Ubsdall,eubsdalloe@pcworld.com
Evaleen,Jeratt,ejerattof@chron.com
Deeanne,Jirka,djirkaog@springer.com
Jerrylee,Buckenham,jbuckenhamoh@alibaba.com
Dasie,Cogdon,dcogdonoi@springer.com
Morgan,Darville,mdarvilleoj@mail.ru
Francesca,Greville,fgrevilleok@jimdo.com
Thia,Breach,tbreachol@mozilla.org
Annalee,Geere,ageereom@cafepress.com
Stanislas,Pointer,spointeron@boston.com
Elliott,Beggini,ebegginioo@free.fr
Justen,Bruun,jbruunop@networkadvertising.org
Dennison,Arents,darentsoq@youtube.com
Taber,McNay,tmcnayor@cisco.com
Cacilie,Bonfield,cbonfieldos@merriam-webster.com
Huey,Gossington,hgossingtonot@xinhuanet.com
Archibald,Bockmaster,abockmasterou@ibm.com
Levey,Lorman,llormanov@patch.com
Josey,Skyner,jskynerow@mapy.cz
Danice,Sailes,dsailesox@mtv.com
Kikelia,Dunton,kduntonoy@ed.gov
Orella,Craise,ocraiseoz@cbslocal.com
Merrick,Boltwood,mboltwoodp0@flickr.com
Gustav,Geffinger,ggeffingerp1@woothemes.com
Meredith,Smallcombe,msmallcombep2@meetup.com
Hunter,Hagston,hhagstonp3@ftc.gov
Rad,Kingscott,rkingscottp4@harvard.edu
Mireielle,Pestridge,mpestridgep5@google.es
Danya,Waumsley,dwaumsleyp6@archive.org
Graham,Sherrott,gsherrottp7@sogou.com
Hoebart,Voase,hvoasep8@gravatar.com
Patti,Farragher,pfarragherp9@shop-pro.jp
Prudi,Sterman,pstermanpa@xing.com
Susannah,Farnan,sfarnanpb@abc.net.au
Chicky,Barabisch,cbarabischpc@yelp.com
Kalila,Baldack,kbaldackpd@europa.eu
Cori,Schollick,cschollickpe@cam.ac.uk
Barrett,Edlestone,bedlestonepf@php.net
Moyna,Blaszkiewicz,mblaszkiewiczpg@creativecommons.org
Hali,Melendez,hmelendezph@si.edu
Artie,Blowin,ablowinpi@cmu.edu
Johnathan,Bernholt,jbernholtpj@wikimedia.org
Phyllida,Gowdie,pgowdiepk@paginegialle.it
Delinda,Mulgrew,dmulgrewpl@blogger.com
Claudie,Hackwell,chackwellpm@youku.com
Reilly,Dradey,rdradeypn@arstechnica.com
Ingemar,Castagno,icastagnopo@yelp.com
Yard,Forge,yforgepp@upenn.edu
Stavro,Musprat,smuspratpq@disqus.com
Cris,Dyet,cdyetpr@diigo.com
Lainey,Blaxeland,lblaxelandps@businessweek.com
Wolf,Kubalek,wkubalekpt@usa.gov
Ralina,Rosborough,rrosboroughpu@nih.gov
Rheta,Skayman,rskaymanpv@dion.ne.jp
Joni,Croker,jcrokerpw@harvard.edu
Jeromy,Litherland,jlitherlandpx@cam.ac.uk
Walliw,Seeler,wseelerpy@forbes.com
Shannen,Hutchings,shutchingspz@samsung.com
Vinny,Raft,vraftq0@networksolutions.com
Wilt,Cornillot,wcornillotq1@macromedia.com
Myra,Sharrocks,msharrocksq2@google.ca
Denna,Chaves,dchavesq3@berkeley.edu
Irene,Punshon,ipunshonq4@live.com
Bobbye,Douce,bdouceq5@clickbank.net
Matilde,MacCaig,mmaccaigq6@simplemachines.org
Myrta,Cromett,mcromettq7@networkadvertising.org
Lari,Rodgerson,lrodgersonq8@nps.gov
Ruben,Sleath,rsleathq9@domainmarket.com
Meara,Bonnier,mbonnierqa@netvibes.com
Joshua,Orrett,jorrettqb@bandcamp.com
Terrel,Fallen,tfallenqc@prlog.org
Locke,Stanistreet,lstanistreetqd@odnoklassniki.ru
Gwenni,Slimm,gslimmqe@upenn.edu
Mandy,Denney,mdenneyqf@g.co
Xena,Poschel,xposchelqg@cloudflare.com
Ingeborg,Dennistoun,idennistounqh@google.com.br
Judie,Fain,jfainqi@angelfire.com
Barret,O'Sheils,bosheilsqj@wisc.edu
Kirsteni,Maciaszczyk,kmaciaszczykqk@yelp.com
Rebecka,Perkinson,rperkinsonql@liveinternet.ru
Lauretta,Duffitt,lduffittqm@apple.com
Aurea,Bugge,abuggeqn@youku.com
Karia,Lowten,klowtenqo@ebay.com
Walden,Exley,wexleyqp@opensource.org
Fayette,Ramelot,framelotqq@multiply.com
Rory,Dancer,rdancerqr@answers.com
Waylon,Bysouth,wbysouthqs@nps.gov
Selma,Brookhouse,sbrookhouseqt@oracle.com
Candi,Nicklin,cnicklinqu@ask.com
Matelda,Abethell,mabethellqv@360.cn
Randene,Babb,rbabbqw@soundcloud.com
Stormie,Symers,ssymersqx@tuttocitta.it
Artur,Duetsche,aduetscheqy@biglobe.ne.jp
Kay,Lawday,klawdayqz@usda.gov
Wakefield,Grunguer,wgrunguerr0@ycombinator.com
Sammy,Corr,scorrr1@prweb.com
Marcile,Harsnipe,mharsniper2@home.pl
Howie,Hasling,hhaslingr3@dion.ne.jp
Dasi,Breheny,dbrehenyr4@cdbaby.com
Tom,Schoroder,tschoroderr5@histats.com
Antin,Chalkly,achalklyr6@istockphoto.com
Aimil,Franciskiewicz,afranciskiewiczr7@topsy.com
Harriet,Akram,hakramr8@g.co
Isidoro,Newcombe,inewcomber9@domainmarket.com
Nico,Miere,nmierera@myspace.com
Delbert,Spoor,dspoorrb@soundcloud.com
Bryanty,McTurley,bmcturleyrc@instagram.com
Venita,Going,vgoingrd@ameblo.jp
Blakeley,Celes,bcelesre@miibeian.gov.cn
Erinn,Bucher,ebucherrf@is.gd
Otha,Karchewski,okarchewskirg@google.co.jp
Oswald,Eldredge,oeldredgerh@ameblo.jp
Florina,Tiesman,ftiesmanri@sitemeter.com
Christye,Torns,ctornsrj@sohu.com
Modestia,McDool,mmcdoolrk@blinklist.com
Loree,Catterill,lcatterillrl@prweb.com
Lib,Plumtree,lplumtreerm@webeden.co.uk
Opal,Vinau,ovinaurn@mozilla.com
Gabie,Kielty,gkieltyro@discuz.net
Evangelina,Street,estreetrp@addtoany.com
Judd,Pettigrew,jpettigrewrq@liveinternet.ru
Regen,Uccelli,ruccellirr@nifty.com
